"method","url"
"igraph_add_edge","https://igraph.org/c/html/latest/igraph-Basic.html#igraph_add_edge"
"igraph_add_edges","https://igraph.org/c/html/latest/igraph-Basic.html#igraph_add_edges"
"igraph_add_vertices","https://igraph.org/c/html/latest/igraph-Basic.html#igraph_add_vertices"
"igraph_adhesion","https://igraph.org/c/html/latest/igraph-Flows.html#igraph_adhesion"
"igraph_adjacency","https://igraph.org/c/html/latest/igraph-Generators.html#igraph_adjacency"
"igraph_adjacency_spectral_embedding","https://igraph.org/c/html/latest/igraph-Embedding.html#igraph_adjacency_spectral_embedding"
"igraph_adjlist","https://igraph.org/c/html/latest/igraph-Generators.html#igraph_adjlist"
"igraph_adjlist_clear","https://igraph.org/c/html/latest/igraph-Data-structures.html#igraph_adjlist_clear"
"igraph_adjlist_destroy","https://igraph.org/c/html/latest/igraph-Data-structures.html#igraph_adjlist_destroy"
"igraph_adjlist_get","https://igraph.org/c/html/latest/igraph-Data-structures.html#igraph_adjlist_get"
"igraph_adjlist_init","https://igraph.org/c/html/latest/igraph-Data-structures.html#igraph_adjlist_init"
"igraph_adjlist_init_complementer","https://igraph.org/c/html/latest/igraph-Data-structures.html#igraph_adjlist_init_complementer"
"igraph_adjlist_init_empty","https://igraph.org/c/html/latest/igraph-Data-structures.html#igraph_adjlist_init_empty"
"igraph_adjlist_init_from_inclist","https://igraph.org/c/html/latest/igraph-Data-structures.html#igraph_adjlist_init_from_inclist"
"igraph_adjlist_simplify","https://igraph.org/c/html/latest/igraph-Data-structures.html#igraph_adjlist_simplify"
"igraph_adjlist_size","https://igraph.org/c/html/latest/igraph-Data-structures.html#igraph_adjlist_size"
"igraph_adjlist_sort","https://igraph.org/c/html/latest/igraph-Data-structures.html#igraph_adjlist_sort"
"igraph_all_minimal_st_separators","https://igraph.org/c/html/latest/igraph-Separators.html#igraph_all_minimal_st_separators"
"igraph_all_st_cuts","https://igraph.org/c/html/latest/igraph-Flows.html#igraph_all_st_cuts"
"igraph_all_st_mincuts","https://igraph.org/c/html/latest/igraph-Flows.html#igraph_all_st_mincuts"
"igraph_almost_equals","https://igraph.org/c/html/latest/igraph-Nongraph.html#igraph_almost_equals"
"igraph_are_adjacent","https://igraph.org/c/html/latest/igraph-Structural.html#igraph_are_adjacent"
"igraph_arpack_function_t","https://igraph.org/c/html/latest/igraph-Linalg.html#igraph_arpack_function_t"
"igraph_arpack_options_init","https://igraph.org/c/html/latest/igraph-Linalg.html#igraph_arpack_options_init"
"igraph_arpack_options_t","https://igraph.org/c/html/latest/igraph-Linalg.html#igraph_arpack_options_t"
"igraph_arpack_rnsolve","https://igraph.org/c/html/latest/igraph-Linalg.html#igraph_arpack_rnsolve"
"igraph_arpack_rssolve","https://igraph.org/c/html/latest/igraph-Linalg.html#igraph_arpack_rssolve"
"igraph_arpack_storage_destroy","https://igraph.org/c/html/latest/igraph-Linalg.html#igraph_arpack_storage_destroy"
"igraph_arpack_storage_init","https://igraph.org/c/html/latest/igraph-Linalg.html#igraph_arpack_storage_init"
"igraph_arpack_storage_t","https://igraph.org/c/html/latest/igraph-Linalg.html#igraph_arpack_storage_t"
"igraph_arpack_unpack_complex","https://igraph.org/c/html/latest/igraph-Linalg.html#igraph_arpack_unpack_complex"
"igraph_articulation_points","https://igraph.org/c/html/latest/igraph-Structural.html#igraph_articulation_points"
"IGRAPH_ASSERT","https://igraph.org/c/html/latest/igraph-Error.html#IGRAPH_ASSERT"
"igraph_assortativity","https://igraph.org/c/html/latest/igraph-Structural.html#igraph_assortativity"
"igraph_assortativity_degree","https://igraph.org/c/html/latest/igraph-Structural.html#igraph_assortativity_degree"
"igraph_assortativity_nominal","https://igraph.org/c/html/latest/igraph-Structural.html#igraph_assortativity_nominal"
"igraph_astar_heuristic_func_t","https://igraph.org/c/html/latest/igraph-Structural.html#igraph_astar_heuristic_func_t"
"igraph_asymmetric_preference_game","https://igraph.org/c/html/latest/igraph-Games.html#igraph_asymmetric_preference_game"
"igraph_atlas","https://igraph.org/c/html/latest/igraph-Generators.html#igraph_atlas"
"igraph_attribute_combination","https://igraph.org/c/html/latest/igraph-Attributes.html#igraph_attribute_combination"
"igraph_attribute_combination_add","https://igraph.org/c/html/latest/igraph-Attributes.html#igraph_attribute_combination_add"
"igraph_attribute_combination_destroy","https://igraph.org/c/html/latest/igraph-Attributes.html#igraph_attribute_combination_destroy"
"igraph_attribute_combination_init","https://igraph.org/c/html/latest/igraph-Attributes.html#igraph_attribute_combination_init"
"igraph_attribute_combination_remove","https://igraph.org/c/html/latest/igraph-Attributes.html#igraph_attribute_combination_remove"
"igraph_attribute_combination_type_t","https://igraph.org/c/html/latest/igraph-Attributes.html#igraph_attribute_combination_type_t"
"igraph_attribute_elemtype_t","https://igraph.org/c/html/latest/igraph-Attributes.html#igraph_attribute_elemtype_t"
"igraph_attribute_record_destroy","https://igraph.org/c/html/latest/igraph-Attributes.html#igraph_attribute_record_destroy"
"igraph_attribute_record_init","https://igraph.org/c/html/latest/igraph-Attributes.html#igraph_attribute_record_init"
"igraph_attribute_record_init_copy","https://igraph.org/c/html/latest/igraph-Attributes.html#igraph_attribute_record_init_copy"
"igraph_attribute_record_resize","https://igraph.org/c/html/latest/igraph-Attributes.html#igraph_attribute_record_resize"
"igraph_attribute_record_set_default_boolean","https://igraph.org/c/html/latest/igraph-Attributes.html#igraph_attribute_record_set_default_boolean"
"igraph_attribute_record_set_default_numeric","https://igraph.org/c/html/latest/igraph-Attributes.html#igraph_attribute_record_set_default_numeric"
"igraph_attribute_record_set_default_string","https://igraph.org/c/html/latest/igraph-Attributes.html#igraph_attribute_record_set_default_string"
"igraph_attribute_record_set_name","https://igraph.org/c/html/latest/igraph-Attributes.html#igraph_attribute_record_set_name"
"igraph_attribute_record_set_type","https://igraph.org/c/html/latest/igraph-Attributes.html#igraph_attribute_record_set_type"
"igraph_attribute_record_size","https://igraph.org/c/html/latest/igraph-Attributes.html#igraph_attribute_record_size"
"igraph_attribute_record_t","https://igraph.org/c/html/latest/igraph-Attributes.html#igraph_attribute_record_t"
"igraph_attribute_table_t","https://igraph.org/c/html/latest/igraph-Attributes.html#igraph_attribute_table_t"
"igraph_attribute_type_t","https://igraph.org/c/html/latest/igraph-Attributes.html#igraph_attribute_type_t"
"igraph_automorphism_group","https://igraph.org/c/html/latest/igraph-Isomorphism.html#igraph_automorphism_group"
"igraph_automorphism_group_bliss","https://igraph.org/c/html/latest/igraph-Isomorphism.html#igraph_automorphism_group_bliss"
"igraph_average_local_efficiency","https://igraph.org/c/html/latest/igraph-Structural.html#igraph_average_local_efficiency"
"igraph_average_path_length","https://igraph.org/c/html/latest/igraph-Structural.html#igraph_average_path_length"
"igraph_avg_nearest_neighbor_degree","https://igraph.org/c/html/latest/igraph-Structural.html#igraph_avg_nearest_neighbor_degree"
"igraph_barabasi_aging_game","https://igraph.org/c/html/latest/igraph-Games.html#igraph_barabasi_aging_game"
"igraph_barabasi_game","https://igraph.org/c/html/latest/igraph-Games.html#igraph_barabasi_game"
"igraph_beta_weighted_gabriel_graph","https://igraph.org/c/html/latest/igraph-Spatial.html#igraph_beta_weighted_gabriel_graph"
"igraph_betweenness","https://igraph.org/c/html/latest/igraph-Structural.html#igraph_betweenness"
"igraph_betweenness_cutoff","https://igraph.org/c/html/latest/igraph-Structural.html#igraph_betweenness_cutoff"
"igraph_betweenness_subset","https://igraph.org/c/html/latest/igraph-Structural.html#igraph_betweenness_subset"
"igraph_bfs","https://igraph.org/c/html/latest/igraph-Visitors.html#igraph_bfs"
"igraph_bfshandler_t","https://igraph.org/c/html/latest/igraph-Visitors.html#igraph_bfshandler_t"
"igraph_bfs_simple","https://igraph.org/c/html/latest/igraph-Visitors.html#igraph_bfs_simple"
"igraph_biadjacency","https://igraph.org/c/html/latest/igraph-Bipartite.html#igraph_biadjacency"
"igraph_bibcoupling","https://igraph.org/c/html/latest/igraph-Structural.html#igraph_bibcoupling"
"igraph_biconnected_components","https://igraph.org/c/html/latest/igraph-Structural.html#igraph_biconnected_components"
"igraph_bipartite_game_gnm","https://igraph.org/c/html/latest/igraph-Bipartite.html#igraph_bipartite_game_gnm"
"igraph_bipartite_game_gnp","https://igraph.org/c/html/latest/igraph-Bipartite.html#igraph_bipartite_game_gnp"
"igraph_bipartite_iea_game","https://igraph.org/c/html/latest/igraph-Bipartite.html#igraph_bipartite_iea_game"
"igraph_bipartite_projection","https://igraph.org/c/html/latest/igraph-Bipartite.html#igraph_bipartite_projection"
"igraph_bipartite_projection_size","https://igraph.org/c/html/latest/igraph-Bipartite.html#igraph_bipartite_projection_size"
"igraph_bitset_and","https://igraph.org/c/html/latest/igraph-Data-structures.html#igraph_bitset_and"
"igraph_bitset_capacity","https://igraph.org/c/html/latest/igraph-Data-structures.html#igraph_bitset_capacity"
"igraph_bitset_countl_one","https://igraph.org/c/html/latest/igraph-Data-structures.html#igraph_bitset_countl_one"
"igraph_bitset_countl_zero","https://igraph.org/c/html/latest/igraph-Data-structures.html#igraph_bitset_countl_zero"
"igraph_bitset_countr_one","https://igraph.org/c/html/latest/igraph-Data-structures.html#igraph_bitset_countr_one"
"igraph_bitset_countr_zero","https://igraph.org/c/html/latest/igraph-Data-structures.html#igraph_bitset_countr_zero"
"igraph_bitset_destroy","https://igraph.org/c/html/latest/igraph-Data-structures.html#igraph_bitset_destroy"
"igraph_bitset_fill","https://igraph.org/c/html/latest/igraph-Data-structures.html#igraph_bitset_fill"
"igraph_bitset_init","https://igraph.org/c/html/latest/igraph-Data-structures.html#igraph_bitset_init"
"igraph_bitset_init_copy","https://igraph.org/c/html/latest/igraph-Data-structures.html#igraph_bitset_init_copy"
"igraph_bitset_is_all_one","https://igraph.org/c/html/latest/igraph-Data-structures.html#igraph_bitset_is_all_one"
"igraph_bitset_is_all_zero","https://igraph.org/c/html/latest/igraph-Data-structures.html#igraph_bitset_is_all_zero"
"igraph_bitset_is_any_one","https://igraph.org/c/html/latest/igraph-Data-structures.html#igraph_bitset_is_any_one"
"igraph_bitset_is_any_zero","https://igraph.org/c/html/latest/igraph-Data-structures.html#igraph_bitset_is_any_zero"
"igraph_bitset_not","https://igraph.org/c/html/latest/igraph-Data-structures.html#igraph_bitset_not"
"igraph_bitset_null","https://igraph.org/c/html/latest/igraph-Data-structures.html#igraph_bitset_null"
"igraph_bitset_or","https://igraph.org/c/html/latest/igraph-Data-structures.html#igraph_bitset_or"
"igraph_bitset_popcount","https://igraph.org/c/html/latest/igraph-Data-structures.html#igraph_bitset_popcount"
"igraph_bitset_reserve","https://igraph.org/c/html/latest/igraph-Data-structures.html#igraph_bitset_reserve"
"igraph_bitset_resize","https://igraph.org/c/html/latest/igraph-Data-structures.html#igraph_bitset_resize"
"igraph_bitset_size","https://igraph.org/c/html/latest/igraph-Data-structures.html#igraph_bitset_size"
"igraph_bitset_update","https://igraph.org/c/html/latest/igraph-Data-structures.html#igraph_bitset_update"
"igraph_bitset_xor","https://igraph.org/c/html/latest/igraph-Data-structures.html#igraph_bitset_xor"
"IGRAPH_BIT_CLEAR","https://igraph.org/c/html/latest/igraph-Data-structures.html#IGRAPH_BIT_CLEAR"
"IGRAPH_BIT_MASK","https://igraph.org/c/html/latest/igraph-Data-structures.html#IGRAPH_BIT_MASK"
"IGRAPH_BIT_NSLOTS","https://igraph.org/c/html/latest/igraph-Data-structures.html#IGRAPH_BIT_NSLOTS"
"IGRAPH_BIT_SET","https://igraph.org/c/html/latest/igraph-Data-structures.html#IGRAPH_BIT_SET"
"IGRAPH_BIT_SLOT","https://igraph.org/c/html/latest/igraph-Data-structures.html#IGRAPH_BIT_SLOT"
"IGRAPH_BIT_TEST","https://igraph.org/c/html/latest/igraph-Data-structures.html#IGRAPH_BIT_TEST"
"igraph_blas_ddot","https://igraph.org/c/html/latest/igraph-Linalg.html#igraph_blas_ddot"
"igraph_blas_dgemm","https://igraph.org/c/html/latest/igraph-Linalg.html#igraph_blas_dgemm"
"igraph_blas_dgemv","https://igraph.org/c/html/latest/igraph-Linalg.html#igraph_blas_dgemv"
"igraph_blas_dgemv_array","https://igraph.org/c/html/latest/igraph-Linalg.html#igraph_blas_dgemv_array"
"igraph_blas_dnrm2","https://igraph.org/c/html/latest/igraph-Linalg.html#igraph_blas_dnrm2"
"igraph_bliss_info_t","https://igraph.org/c/html/latest/igraph-Isomorphism.html#igraph_bliss_info_t"
"igraph_bliss_sh_t","https://igraph.org/c/html/latest/igraph-Isomorphism.html#igraph_bliss_sh_t"
"igraph_bond_percolation","https://igraph.org/c/html/latest/igraph-Structural.html#igraph_bond_percolation"
"igraph_bridges","https://igraph.org/c/html/latest/igraph-Structural.html#igraph_bridges"
"igraph_callaway_traits_game","https://igraph.org/c/html/latest/igraph-Games.html#igraph_callaway_traits_game"
"igraph_calloc","https://igraph.org/c/html/latest/igraph-Memory.html#igraph_calloc"
"igraph_canonical_permutation","https://igraph.org/c/html/latest/igraph-Isomorphism.html#igraph_canonical_permutation"
"igraph_canonical_permutation_bliss","https://igraph.org/c/html/latest/igraph-Isomorphism.html#igraph_canonical_permutation_bliss"
"igraph_cattribute_EAB","https://igraph.org/c/html/latest/igraph-Attributes.html#igraph_cattribute_EAB"
"igraph_cattribute_EABV","https://igraph.org/c/html/latest/igraph-Attributes.html#igraph_cattribute_EABV"
"igraph_cattribute_EAB_set","https://igraph.org/c/html/latest/igraph-Attributes.html#igraph_cattribute_EAB_set"
"igraph_cattribute_EAB_setv","https://igraph.org/c/html/latest/igraph-Attributes.html#igraph_cattribute_EAB_setv"
"igraph_cattribute_EAN","https://igraph.org/c/html/latest/igraph-Attributes.html#igraph_cattribute_EAN"
"igraph_cattribute_EANV","https://igraph.org/c/html/latest/igraph-Attributes.html#igraph_cattribute_EANV"
"igraph_cattribute_EAN_set","https://igraph.org/c/html/latest/igraph-Attributes.html#igraph_cattribute_EAN_set"
"igraph_cattribute_EAN_setv","https://igraph.org/c/html/latest/igraph-Attributes.html#igraph_cattribute_EAN_setv"
"igraph_cattribute_EAS","https://igraph.org/c/html/latest/igraph-Attributes.html#igraph_cattribute_EAS"
"igraph_cattribute_EASV","https://igraph.org/c/html/latest/igraph-Attributes.html#igraph_cattribute_EASV"
"igraph_cattribute_EAS_set","https://igraph.org/c/html/latest/igraph-Attributes.html#igraph_cattribute_EAS_set"
"igraph_cattribute_EAS_setv","https://igraph.org/c/html/latest/igraph-Attributes.html#igraph_cattribute_EAS_setv"
"igraph_cattribute_GAB","https://igraph.org/c/html/latest/igraph-Attributes.html#igraph_cattribute_GAB"
"igraph_cattribute_GAB_set","https://igraph.org/c/html/latest/igraph-Attributes.html#igraph_cattribute_GAB_set"
"igraph_cattribute_GAN","https://igraph.org/c/html/latest/igraph-Attributes.html#igraph_cattribute_GAN"
"igraph_cattribute_GAN_set","https://igraph.org/c/html/latest/igraph-Attributes.html#igraph_cattribute_GAN_set"
"igraph_cattribute_GAS","https://igraph.org/c/html/latest/igraph-Attributes.html#igraph_cattribute_GAS"
"igraph_cattribute_GAS_set","https://igraph.org/c/html/latest/igraph-Attributes.html#igraph_cattribute_GAS_set"
"igraph_cattribute_has_attr","https://igraph.org/c/html/latest/igraph-Attributes.html#igraph_cattribute_has_attr"
"igraph_cattribute_list","https://igraph.org/c/html/latest/igraph-Attributes.html#igraph_cattribute_list"
"igraph_cattribute_remove_all","https://igraph.org/c/html/latest/igraph-Attributes.html#igraph_cattribute_remove_all"
"igraph_cattribute_remove_e","https://igraph.org/c/html/latest/igraph-Attributes.html#igraph_cattribute_remove_e"
"igraph_cattribute_remove_g","https://igraph.org/c/html/latest/igraph-Attributes.html#igraph_cattribute_remove_g"
"igraph_cattribute_remove_v","https://igraph.org/c/html/latest/igraph-Attributes.html#igraph_cattribute_remove_v"
"igraph_cattribute_VAB","https://igraph.org/c/html/latest/igraph-Attributes.html#igraph_cattribute_VAB"
"igraph_cattribute_VABV","https://igraph.org/c/html/latest/igraph-Attributes.html#igraph_cattribute_VABV"
"igraph_cattribute_VAB_set","https://igraph.org/c/html/latest/igraph-Attributes.html#igraph_cattribute_VAB_set"
"igraph_cattribute_VAB_setv","https://igraph.org/c/html/latest/igraph-Attributes.html#igraph_cattribute_VAB_setv"
"igraph_cattribute_VAN","https://igraph.org/c/html/latest/igraph-Attributes.html#igraph_cattribute_VAN"
"igraph_cattribute_VANV","https://igraph.org/c/html/latest/igraph-Attributes.html#igraph_cattribute_VANV"
"igraph_cattribute_VAN_set","https://igraph.org/c/html/latest/igraph-Attributes.html#igraph_cattribute_VAN_set"
"igraph_cattribute_VAN_setv","https://igraph.org/c/html/latest/igraph-Attributes.html#igraph_cattribute_VAN_setv"
"igraph_cattribute_VAS","https://igraph.org/c/html/latest/igraph-Attributes.html#igraph_cattribute_VAS"
"igraph_cattribute_VASV","https://igraph.org/c/html/latest/igraph-Attributes.html#igraph_cattribute_VASV"
"igraph_cattribute_VAS_set","https://igraph.org/c/html/latest/igraph-Attributes.html#igraph_cattribute_VAS_set"
"igraph_cattribute_VAS_setv","https://igraph.org/c/html/latest/igraph-Attributes.html#igraph_cattribute_VAS_setv"
"igraph_centralization","https://igraph.org/c/html/latest/igraph-Structural.html#igraph_centralization"
"igraph_centralization_betweenness","https://igraph.org/c/html/latest/igraph-Structural.html#igraph_centralization_betweenness"
"igraph_centralization_betweenness_tmax","https://igraph.org/c/html/latest/igraph-Structural.html#igraph_centralization_betweenness_tmax"
"igraph_centralization_closeness","https://igraph.org/c/html/latest/igraph-Structural.html#igraph_centralization_closeness"
"igraph_centralization_closeness_tmax","https://igraph.org/c/html/latest/igraph-Structural.html#igraph_centralization_closeness_tmax"
"igraph_centralization_degree","https://igraph.org/c/html/latest/igraph-Structural.html#igraph_centralization_degree"
"igraph_centralization_degree_tmax","https://igraph.org/c/html/latest/igraph-Structural.html#igraph_centralization_degree_tmax"
"igraph_centralization_eigenvector_centrality","https://igraph.org/c/html/latest/igraph-Structural.html#igraph_centralization_eigenvector_centrality"
"igraph_centralization_eigenvector_centrality_tmax","https://igraph.org/c/html/latest/igraph-Structural.html#igraph_centralization_eigenvector_centrality_tmax"
"IGRAPH_CHECK","https://igraph.org/c/html/latest/igraph-Error.html#IGRAPH_CHECK"
"IGRAPH_CHECK_CALLBACK","https://igraph.org/c/html/latest/igraph-Error.html#IGRAPH_CHECK_CALLBACK"
"igraph_chung_lu_game","https://igraph.org/c/html/latest/igraph-Games.html#igraph_chung_lu_game"
"igraph_circle_beta_skeleton","https://igraph.org/c/html/latest/igraph-Spatial.html#igraph_circle_beta_skeleton"
"igraph_circulant","https://igraph.org/c/html/latest/igraph-Generators.html#igraph_circulant"
"igraph_cited_type_game","https://igraph.org/c/html/latest/igraph-Games.html#igraph_cited_type_game"
"igraph_citing_cited_type_game","https://igraph.org/c/html/latest/igraph-Games.html#igraph_citing_cited_type_game"
"igraph_cliques","https://igraph.org/c/html/latest/igraph-Cliques.html#igraph_cliques"
"igraph_cliques_callback","https://igraph.org/c/html/latest/igraph-Cliques.html#igraph_cliques_callback"
"igraph_clique_handler_t","https://igraph.org/c/html/latest/igraph-Cliques.html#igraph_clique_handler_t"
"igraph_clique_number","https://igraph.org/c/html/latest/igraph-Cliques.html#igraph_clique_number"
"igraph_clique_size_hist","https://igraph.org/c/html/latest/igraph-Cliques.html#igraph_clique_size_hist"
"igraph_closeness","https://igraph.org/c/html/latest/igraph-Structural.html#igraph_closeness"
"igraph_closeness_cutoff","https://igraph.org/c/html/latest/igraph-Structural.html#igraph_closeness_cutoff"
"igraph_cmp_epsilon","https://igraph.org/c/html/latest/igraph-Nongraph.html#igraph_cmp_epsilon"
"igraph_cocitation","https://igraph.org/c/html/latest/igraph-Structural.html#igraph_cocitation"
"igraph_cohesion","https://igraph.org/c/html/latest/igraph-Flows.html#igraph_cohesion"
"igraph_cohesive_blocks","https://igraph.org/c/html/latest/igraph-Flows.html#igraph_cohesive_blocks"
"igraph_coloring_greedy_t","https://igraph.org/c/html/latest/igraph-Coloring.html#igraph_coloring_greedy_t"
"igraph_community_eb_get_merges","https://igraph.org/c/html/latest/igraph-Community.html#igraph_community_eb_get_merges"
"igraph_community_edge_betweenness","https://igraph.org/c/html/latest/igraph-Community.html#igraph_community_edge_betweenness"
"igraph_community_fastgreedy","https://igraph.org/c/html/latest/igraph-Community.html#igraph_community_fastgreedy"
"igraph_community_fluid_communities","https://igraph.org/c/html/latest/igraph-Community.html#igraph_community_fluid_communities"
"igraph_community_infomap","https://igraph.org/c/html/latest/igraph-Community.html#igraph_community_infomap"
"igraph_community_label_propagation","https://igraph.org/c/html/latest/igraph-Community.html#igraph_community_label_propagation"
"igraph_community_leading_eigenvector","https://igraph.org/c/html/latest/igraph-Community.html#igraph_community_leading_eigenvector"
"igraph_community_leading_eigenvector_callback_t","https://igraph.org/c/html/latest/igraph-Community.html#igraph_community_leading_eigenvector_callback_t"
"igraph_community_leiden","https://igraph.org/c/html/latest/igraph-Community.html#igraph_community_leiden"
"igraph_community_leiden_simple","https://igraph.org/c/html/latest/igraph-Community.html#igraph_community_leiden_simple"
"igraph_community_multilevel","https://igraph.org/c/html/latest/igraph-Community.html#igraph_community_multilevel"
"igraph_community_optimal_modularity","https://igraph.org/c/html/latest/igraph-Community.html#igraph_community_optimal_modularity"
"igraph_community_spinglass","https://igraph.org/c/html/latest/igraph-Community.html#igraph_community_spinglass"
"igraph_community_spinglass_single","https://igraph.org/c/html/latest/igraph-Community.html#igraph_community_spinglass_single"
"igraph_community_to_membership","https://igraph.org/c/html/latest/igraph-Community.html#igraph_community_to_membership"
"igraph_community_voronoi","https://igraph.org/c/html/latest/igraph-Community.html#igraph_community_voronoi"
"igraph_community_walktrap","https://igraph.org/c/html/latest/igraph-Community.html#igraph_community_walktrap"
"igraph_compare_communities","https://igraph.org/c/html/latest/igraph-Community.html#igraph_compare_communities"
"igraph_complementer","https://igraph.org/c/html/latest/igraph-Operators.html#igraph_complementer"
"igraph_complex_almost_equals","https://igraph.org/c/html/latest/igraph-Nongraph.html#igraph_complex_almost_equals"
"igraph_compose","https://igraph.org/c/html/latest/igraph-Operators.html#igraph_compose"
"igraph_connected_components","https://igraph.org/c/html/latest/igraph-Structural.html#igraph_connected_components"
"igraph_connect_neighborhood","https://igraph.org/c/html/latest/igraph-Operators.html#igraph_connect_neighborhood"
"igraph_constraint","https://igraph.org/c/html/latest/igraph-Structural.html#igraph_constraint"
"igraph_contract_vertices","https://igraph.org/c/html/latest/igraph-Operators.html#igraph_contract_vertices"
"igraph_convergence_degree","https://igraph.org/c/html/latest/igraph-Structural.html#igraph_convergence_degree"
"igraph_convex_hull_2d","https://igraph.org/c/html/latest/igraph-Spatial.html#igraph_convex_hull_2d"
"igraph_copy","https://igraph.org/c/html/latest/igraph-Basic.html#igraph_copy"
"igraph_coreness","https://igraph.org/c/html/latest/igraph-Structural.html#igraph_coreness"
"igraph_correlated_game","https://igraph.org/c/html/latest/igraph-Games.html#igraph_correlated_game"
"igraph_correlated_pair_game","https://igraph.org/c/html/latest/igraph-Games.html#igraph_correlated_pair_game"
"igraph_count_adjacent_triangles","https://igraph.org/c/html/latest/igraph-Motifs.html#igraph_count_adjacent_triangles"
"igraph_count_automorphisms","https://igraph.org/c/html/latest/igraph-Isomorphism.html#igraph_count_automorphisms"
"igraph_count_automorphisms_bliss","https://igraph.org/c/html/latest/igraph-Isomorphism.html#igraph_count_automorphisms_bliss"
"igraph_count_isomorphisms_vf2","https://igraph.org/c/html/latest/igraph-Isomorphism.html#igraph_count_isomorphisms_vf2"
"igraph_count_loops","https://igraph.org/c/html/latest/igraph-Structural.html#igraph_count_loops"
"igraph_count_multiple","https://igraph.org/c/html/latest/igraph-Structural.html#igraph_count_multiple"
"igraph_count_multiple_1","https://igraph.org/c/html/latest/igraph-Structural.html#igraph_count_multiple_1"
"igraph_count_reachable","https://igraph.org/c/html/latest/igraph-Structural.html#igraph_count_reachable"
"igraph_count_subisomorphisms_vf2","https://igraph.org/c/html/latest/igraph-Isomorphism.html#igraph_count_subisomorphisms_vf2"
"igraph_count_triangles","https://igraph.org/c/html/latest/igraph-Motifs.html#igraph_count_triangles"
"igraph_create","https://igraph.org/c/html/latest/igraph-Generators.html#igraph_create"
"igraph_create_bipartite","https://igraph.org/c/html/latest/igraph-Bipartite.html#igraph_create_bipartite"
"igraph_cycle_graph","https://igraph.org/c/html/latest/igraph-Generators.html#igraph_cycle_graph"
"igraph_cycle_handler_t","https://igraph.org/c/html/latest/igraph-Cycles.html#igraph_cycle_handler_t"
"igraph_decompose","https://igraph.org/c/html/latest/igraph-Structural.html#igraph_decompose"
"igraph_degree","https://igraph.org/c/html/latest/igraph-Basic.html#igraph_degree"
"igraph_degree_1","https://igraph.org/c/html/latest/igraph-Basic.html#igraph_degree_1"
"igraph_degree_correlation_vector","https://igraph.org/c/html/latest/igraph-Structural.html#igraph_degree_correlation_vector"
"igraph_degree_sequence_game","https://igraph.org/c/html/latest/igraph-Games.html#igraph_degree_sequence_game"
"DELALL","https://igraph.org/c/html/latest/igraph-Attributes.html#DELALL"
"igraph_delaunay_graph","https://igraph.org/c/html/latest/igraph-Spatial.html#igraph_delaunay_graph"
"DELEA","https://igraph.org/c/html/latest/igraph-Attributes.html#DELEA"
"DELEAS","https://igraph.org/c/html/latest/igraph-Attributes.html#DELEAS"
"igraph_delete_edges","https://igraph.org/c/html/latest/igraph-Basic.html#igraph_delete_edges"
"igraph_delete_vertices","https://igraph.org/c/html/latest/igraph-Basic.html#igraph_delete_vertices"
"igraph_delete_vertices_map","https://igraph.org/c/html/latest/igraph-Basic.html#igraph_delete_vertices_map"
"DELGA","https://igraph.org/c/html/latest/igraph-Attributes.html#DELGA"
"DELGAS","https://igraph.org/c/html/latest/igraph-Attributes.html#DELGAS"
"DELVA","https://igraph.org/c/html/latest/igraph-Attributes.html#DELVA"
"DELVAS","https://igraph.org/c/html/latest/igraph-Attributes.html#DELVAS"
"igraph_density","https://igraph.org/c/html/latest/igraph-Structural.html#igraph_density"
"igraph_destroy","https://igraph.org/c/html/latest/igraph-Basic.html#igraph_destroy"
"igraph_de_bruijn","https://igraph.org/c/html/latest/igraph-Generators.html#igraph_de_bruijn"
"igraph_dfs","https://igraph.org/c/html/latest/igraph-Visitors.html#igraph_dfs"
"igraph_dfshandler_t","https://igraph.org/c/html/latest/igraph-Visitors.html#igraph_dfshandler_t"
"igraph_diameter","https://igraph.org/c/html/latest/igraph-Structural.html#igraph_diameter"
"igraph_difference","https://igraph.org/c/html/latest/igraph-Operators.html#igraph_difference"
"igraph_dim_select","https://igraph.org/c/html/latest/igraph-Embedding.html#igraph_dim_select"
"igraph_disjoint_union","https://igraph.org/c/html/latest/igraph-Operators.html#igraph_disjoint_union"
"igraph_disjoint_union_many","https://igraph.org/c/html/latest/igraph-Operators.html#igraph_disjoint_union_many"
"igraph_distances","https://igraph.org/c/html/latest/igraph-Structural.html#igraph_distances"
"igraph_distances_bellman_ford","https://igraph.org/c/html/latest/igraph-Structural.html#igraph_distances_bellman_ford"
"igraph_distances_cutoff","https://igraph.org/c/html/latest/igraph-Structural.html#igraph_distances_cutoff"
"igraph_distances_dijkstra","https://igraph.org/c/html/latest/igraph-Structural.html#igraph_distances_dijkstra"
"igraph_distances_dijkstra_cutoff","https://igraph.org/c/html/latest/igraph-Structural.html#igraph_distances_dijkstra_cutoff"
"igraph_distances_floyd_warshall","https://igraph.org/c/html/latest/igraph-Structural.html#igraph_distances_floyd_warshall"
"igraph_distances_johnson","https://igraph.org/c/html/latest/igraph-Structural.html#igraph_distances_johnson"
"igraph_diversity","https://igraph.org/c/html/latest/igraph-Structural.html#igraph_diversity"
"igraph_dominator_tree","https://igraph.org/c/html/latest/igraph-Flows.html#igraph_dominator_tree"
"igraph_dot_product_game","https://igraph.org/c/html/latest/igraph-Games.html#igraph_dot_product_game"
"igraph_dqueue_back","https://igraph.org/c/html/latest/igraph-Data-structures.html#igraph_dqueue_back"
"igraph_dqueue_clear","https://igraph.org/c/html/latest/igraph-Data-structures.html#igraph_dqueue_clear"
"igraph_dqueue_destroy","https://igraph.org/c/html/latest/igraph-Data-structures.html#igraph_dqueue_destroy"
"igraph_dqueue_empty","https://igraph.org/c/html/latest/igraph-Data-structures.html#igraph_dqueue_empty"
"igraph_dqueue_full","https://igraph.org/c/html/latest/igraph-Data-structures.html#igraph_dqueue_full"
"igraph_dqueue_get","https://igraph.org/c/html/latest/igraph-Data-structures.html#igraph_dqueue_get"
"igraph_dqueue_head","https://igraph.org/c/html/latest/igraph-Data-structures.html#igraph_dqueue_head"
"igraph_dqueue_init","https://igraph.org/c/html/latest/igraph-Data-structures.html#igraph_dqueue_init"
"igraph_dqueue_pop","https://igraph.org/c/html/latest/igraph-Data-structures.html#igraph_dqueue_pop"
"igraph_dqueue_pop_back","https://igraph.org/c/html/latest/igraph-Data-structures.html#igraph_dqueue_pop_back"
"igraph_dqueue_push","https://igraph.org/c/html/latest/igraph-Data-structures.html#igraph_dqueue_push"
"igraph_dqueue_size","https://igraph.org/c/html/latest/igraph-Data-structures.html#igraph_dqueue_size"
"igraph_dyad_census","https://igraph.org/c/html/latest/igraph-Motifs.html#igraph_dyad_census"
"EAB","https://igraph.org/c/html/latest/igraph-Attributes.html#EAB"
"EABV","https://igraph.org/c/html/latest/igraph-Attributes.html#EABV"
"EAN","https://igraph.org/c/html/latest/igraph-Attributes.html#EAN"
"EANV","https://igraph.org/c/html/latest/igraph-Attributes.html#EANV"
"EAS","https://igraph.org/c/html/latest/igraph-Attributes.html#EAS"
"EASV","https://igraph.org/c/html/latest/igraph-Attributes.html#EASV"
"igraph_ecc","https://igraph.org/c/html/latest/igraph-Structural.html#igraph_ecc"
"igraph_eccentricity","https://igraph.org/c/html/latest/igraph-Structural.html#igraph_eccentricity"
"igraph_ecount","https://igraph.org/c/html/latest/igraph-Basic.html#igraph_ecount"
"IGRAPH_ECOUNT_MAX","https://igraph.org/c/html/latest/igraph-Basic.html#IGRAPH_ECOUNT_MAX"
"igraph_edge","https://igraph.org/c/html/latest/igraph-Basic.html#igraph_edge"
"igraph_edgelist_percolation","https://igraph.org/c/html/latest/igraph-Structural.html#igraph_edgelist_percolation"
"igraph_edges","https://igraph.org/c/html/latest/igraph-Basic.html#igraph_edges"
"igraph_edge_betweenness","https://igraph.org/c/html/latest/igraph-Structural.html#igraph_edge_betweenness"
"igraph_edge_betweenness_cutoff","https://igraph.org/c/html/latest/igraph-Structural.html#igraph_edge_betweenness_cutoff"
"igraph_edge_betweenness_subset","https://igraph.org/c/html/latest/igraph-Structural.html#igraph_edge_betweenness_subset"
"igraph_edge_connectivity","https://igraph.org/c/html/latest/igraph-Flows.html#igraph_edge_connectivity"
"igraph_edge_disjoint_paths","https://igraph.org/c/html/latest/igraph-Flows.html#igraph_edge_disjoint_paths"
"igraph_edge_type_sw_t","https://igraph.org/c/html/latest/igraph-Games.html#igraph_edge_type_sw_t"
"igraph_eigenvector_centrality","https://igraph.org/c/html/latest/igraph-Structural.html#igraph_eigenvector_centrality"
"igraph_eit_create","https://igraph.org/c/html/latest/igraph-Iterators.html#igraph_eit_create"
"igraph_eit_destroy","https://igraph.org/c/html/latest/igraph-Iterators.html#igraph_eit_destroy"
"IGRAPH_EIT_END","https://igraph.org/c/html/latest/igraph-Iterators.html#IGRAPH_EIT_END"
"IGRAPH_EIT_GET","https://igraph.org/c/html/latest/igraph-Iterators.html#IGRAPH_EIT_GET"
"IGRAPH_EIT_NEXT","https://igraph.org/c/html/latest/igraph-Iterators.html#IGRAPH_EIT_NEXT"
"IGRAPH_EIT_RESET","https://igraph.org/c/html/latest/igraph-Iterators.html#IGRAPH_EIT_RESET"
"IGRAPH_EIT_SIZE","https://igraph.org/c/html/latest/igraph-Iterators.html#IGRAPH_EIT_SIZE"
"igraph_empty","https://igraph.org/c/html/latest/igraph-Basic.html#igraph_empty"
"igraph_empty_attrs","https://igraph.org/c/html/latest/igraph-Basic.html#igraph_empty_attrs"
"igraph_enter_safelocale","https://igraph.org/c/html/latest/igraph-Foreign.html#igraph_enter_safelocale"
"igraph_erdos_renyi_game_gnm","https://igraph.org/c/html/latest/igraph-Games.html#igraph_erdos_renyi_game_gnm"
"igraph_erdos_renyi_game_gnp","https://igraph.org/c/html/latest/igraph-Games.html#igraph_erdos_renyi_game_gnp"
"IGRAPH_ERROR","https://igraph.org/c/html/latest/igraph-Error.html#IGRAPH_ERROR"
"igraph_error","https://igraph.org/c/html/latest/igraph-Error.html#igraph_error"
"IGRAPH_ERRORF","https://igraph.org/c/html/latest/igraph-Error.html#IGRAPH_ERRORF"
"igraph_errorf","https://igraph.org/c/html/latest/igraph-Error.html#igraph_errorf"
"igraph_error_handler_abort","https://igraph.org/c/html/latest/igraph-Error.html#igraph_error_handler_abort"
"igraph_error_handler_ignore","https://igraph.org/c/html/latest/igraph-Error.html#igraph_error_handler_ignore"
"igraph_error_handler_printignore","https://igraph.org/c/html/latest/igraph-Error.html#igraph_error_handler_printignore"
"igraph_error_handler_t","https://igraph.org/c/html/latest/igraph-Error.html#igraph_error_handler_t"
"igraph_error_t","https://igraph.org/c/html/latest/igraph-Error.html#igraph_error_t"
"igraph_error_type_t","https://igraph.org/c/html/latest/igraph-Error.html#igraph_error_type_t"
"igraph_ess_1","https://igraph.org/c/html/latest/igraph-Iterators.html#igraph_ess_1"
"igraph_ess_all","https://igraph.org/c/html/latest/igraph-Iterators.html#igraph_ess_all"
"igraph_ess_none","https://igraph.org/c/html/latest/igraph-Iterators.html#igraph_ess_none"
"igraph_ess_range","https://igraph.org/c/html/latest/igraph-Iterators.html#igraph_ess_range"
"igraph_ess_vector","https://igraph.org/c/html/latest/igraph-Iterators.html#igraph_ess_vector"
"igraph_establishment_game","https://igraph.org/c/html/latest/igraph-Games.html#igraph_establishment_game"
"igraph_es_1","https://igraph.org/c/html/latest/igraph-Iterators.html#igraph_es_1"
"igraph_es_all","https://igraph.org/c/html/latest/igraph-Iterators.html#igraph_es_all"
"igraph_es_all_between","https://igraph.org/c/html/latest/igraph-Iterators.html#igraph_es_all_between"
"igraph_es_as_vector","https://igraph.org/c/html/latest/igraph-Iterators.html#igraph_es_as_vector"
"igraph_es_copy","https://igraph.org/c/html/latest/igraph-Iterators.html#igraph_es_copy"
"igraph_es_destroy","https://igraph.org/c/html/latest/igraph-Iterators.html#igraph_es_destroy"
"igraph_es_incident","https://igraph.org/c/html/latest/igraph-Iterators.html#igraph_es_incident"
"igraph_es_is_all","https://igraph.org/c/html/latest/igraph-Iterators.html#igraph_es_is_all"
"igraph_es_none","https://igraph.org/c/html/latest/igraph-Iterators.html#igraph_es_none"
"igraph_es_pairs","https://igraph.org/c/html/latest/igraph-Iterators.html#igraph_es_pairs"
"igraph_es_pairs_small","https://igraph.org/c/html/latest/igraph-Iterators.html#igraph_es_pairs_small"
"igraph_es_path","https://igraph.org/c/html/latest/igraph-Iterators.html#igraph_es_path"
"igraph_es_range","https://igraph.org/c/html/latest/igraph-Iterators.html#igraph_es_range"
"igraph_es_size","https://igraph.org/c/html/latest/igraph-Iterators.html#igraph_es_size"
"igraph_es_type","https://igraph.org/c/html/latest/igraph-Iterators.html#igraph_es_type"
"igraph_es_vector","https://igraph.org/c/html/latest/igraph-Iterators.html#igraph_es_vector"
"igraph_es_vector_copy","https://igraph.org/c/html/latest/igraph-Iterators.html#igraph_es_vector_copy"
"igraph_eulerian_cycle","https://igraph.org/c/html/latest/igraph-Cycles.html#igraph_eulerian_cycle"
"igraph_eulerian_path","https://igraph.org/c/html/latest/igraph-Cycles.html#igraph_eulerian_path"
"igraph_even_tarjan_reduction","https://igraph.org/c/html/latest/igraph-Separators.html#igraph_even_tarjan_reduction"
"igraph_exit_safelocale","https://igraph.org/c/html/latest/igraph-Foreign.html#igraph_exit_safelocale"
"igraph_expand_path_to_pairs","https://igraph.org/c/html/latest/igraph-Basic.html#igraph_expand_path_to_pairs"
"igraph_extended_chordal_ring","https://igraph.org/c/html/latest/igraph-Generators.html#igraph_extended_chordal_ring"
"igraph_famous","https://igraph.org/c/html/latest/igraph-Generators.html#igraph_famous"
"IGRAPH_FATAL","https://igraph.org/c/html/latest/igraph-Error.html#IGRAPH_FATAL"
"igraph_fatal","https://igraph.org/c/html/latest/igraph-Error.html#igraph_fatal"
"IGRAPH_FATALF","https://igraph.org/c/html/latest/igraph-Error.html#IGRAPH_FATALF"
"igraph_fatalf","https://igraph.org/c/html/latest/igraph-Error.html#igraph_fatalf"
"igraph_fatal_handler_abort","https://igraph.org/c/html/latest/igraph-Error.html#igraph_fatal_handler_abort"
"igraph_fatal_handler_t","https://igraph.org/c/html/latest/igraph-Error.html#igraph_fatal_handler_t"
"igraph_feedback_arc_set","https://igraph.org/c/html/latest/igraph-Cycles.html#igraph_feedback_arc_set"
"igraph_feedback_vertex_set","https://igraph.org/c/html/latest/igraph-Cycles.html#igraph_feedback_vertex_set"
"IGRAPH_FINALLY","https://igraph.org/c/html/latest/igraph-Error.html#IGRAPH_FINALLY"
"IGRAPH_FINALLY_CLEAN","https://igraph.org/c/html/latest/igraph-Error.html#IGRAPH_FINALLY_CLEAN"
"IGRAPH_FINALLY_FREE","https://igraph.org/c/html/latest/igraph-Error.html#IGRAPH_FINALLY_FREE"
"igraph_find_cycle","https://igraph.org/c/html/latest/igraph-Cycles.html#igraph_find_cycle"
"igraph_forest_fire_game","https://igraph.org/c/html/latest/igraph-Games.html#igraph_forest_fire_game"
"igraph_free","https://igraph.org/c/html/latest/igraph-Memory.html#igraph_free"
"IGRAPH_FROM","https://igraph.org/c/html/latest/igraph-Basic.html#IGRAPH_FROM"
"igraph_from_hrg_dendrogram","https://igraph.org/c/html/latest/igraph-HRG.html#igraph_from_hrg_dendrogram"
"igraph_from_prufer","https://igraph.org/c/html/latest/igraph-Generators.html#igraph_from_prufer"
"igraph_full","https://igraph.org/c/html/latest/igraph-Generators.html#igraph_full"
"igraph_full_bipartite","https://igraph.org/c/html/latest/igraph-Bipartite.html#igraph_full_bipartite"
"igraph_full_citation","https://igraph.org/c/html/latest/igraph-Generators.html#igraph_full_citation"
"igraph_full_multipartite","https://igraph.org/c/html/latest/igraph-Generators.html#igraph_full_multipartite"
"igraph_fundamental_cycles","https://igraph.org/c/html/latest/igraph-Cycles.html#igraph_fundamental_cycles"
"GAB","https://igraph.org/c/html/latest/igraph-Attributes.html#GAB"
"igraph_gabriel_graph","https://igraph.org/c/html/latest/igraph-Spatial.html#igraph_gabriel_graph"
"GAN","https://igraph.org/c/html/latest/igraph-Attributes.html#GAN"
"GAS","https://igraph.org/c/html/latest/igraph-Attributes.html#GAS"
"igraph_generalized_petersen","https://igraph.org/c/html/latest/igraph-Generators.html#igraph_generalized_petersen"
"igraph_get_adjacency","https://igraph.org/c/html/latest/igraph-Structural.html#igraph_get_adjacency"
"igraph_get_adjacency_sparse","https://igraph.org/c/html/latest/igraph-Structural.html#igraph_get_adjacency_sparse"
"igraph_get_all_eids_between","https://igraph.org/c/html/latest/igraph-Basic.html#igraph_get_all_eids_between"
"igraph_get_all_shortest_paths","https://igraph.org/c/html/latest/igraph-Structural.html#igraph_get_all_shortest_paths"
"igraph_get_all_shortest_paths_dijkstra","https://igraph.org/c/html/latest/igraph-Structural.html#igraph_get_all_shortest_paths_dijkstra"
"igraph_get_all_simple_paths","https://igraph.org/c/html/latest/igraph-Structural.html#igraph_get_all_simple_paths"
"igraph_get_biadjacency","https://igraph.org/c/html/latest/igraph-Bipartite.html#igraph_get_biadjacency"
"igraph_get_edgelist","https://igraph.org/c/html/latest/igraph-Structural.html#igraph_get_edgelist"
"igraph_get_eid","https://igraph.org/c/html/latest/igraph-Basic.html#igraph_get_eid"
"igraph_get_eids","https://igraph.org/c/html/latest/igraph-Basic.html#igraph_get_eids"
"igraph_get_isomorphisms_vf2","https://igraph.org/c/html/latest/igraph-Isomorphism.html#igraph_get_isomorphisms_vf2"
"igraph_get_isomorphisms_vf2_callback","https://igraph.org/c/html/latest/igraph-Isomorphism.html#igraph_get_isomorphisms_vf2_callback"
"igraph_get_k_shortest_paths","https://igraph.org/c/html/latest/igraph-Structural.html#igraph_get_k_shortest_paths"
"igraph_get_laplacian","https://igraph.org/c/html/latest/igraph-Structural.html#igraph_get_laplacian"
"igraph_get_laplacian_sparse","https://igraph.org/c/html/latest/igraph-Structural.html#igraph_get_laplacian_sparse"
"igraph_get_shortest_path","https://igraph.org/c/html/latest/igraph-Structural.html#igraph_get_shortest_path"
"igraph_get_shortest_paths","https://igraph.org/c/html/latest/igraph-Structural.html#igraph_get_shortest_paths"
"igraph_get_shortest_paths_bellman_ford","https://igraph.org/c/html/latest/igraph-Structural.html#igraph_get_shortest_paths_bellman_ford"
"igraph_get_shortest_paths_dijkstra","https://igraph.org/c/html/latest/igraph-Structural.html#igraph_get_shortest_paths_dijkstra"
"igraph_get_shortest_path_astar","https://igraph.org/c/html/latest/igraph-Structural.html#igraph_get_shortest_path_astar"
"igraph_get_shortest_path_bellman_ford","https://igraph.org/c/html/latest/igraph-Structural.html#igraph_get_shortest_path_bellman_ford"
"igraph_get_shortest_path_dijkstra","https://igraph.org/c/html/latest/igraph-Structural.html#igraph_get_shortest_path_dijkstra"
"igraph_get_stochastic","https://igraph.org/c/html/latest/igraph-Structural.html#igraph_get_stochastic"
"igraph_get_stochastic_sparse","https://igraph.org/c/html/latest/igraph-Structural.html#igraph_get_stochastic_sparse"
"igraph_get_subisomorphisms_vf2","https://igraph.org/c/html/latest/igraph-Isomorphism.html#igraph_get_subisomorphisms_vf2"
"igraph_get_subisomorphisms_vf2_callback","https://igraph.org/c/html/latest/igraph-Isomorphism.html#igraph_get_subisomorphisms_vf2_callback"
"igraph_get_widest_path","https://igraph.org/c/html/latest/igraph-Structural.html#igraph_get_widest_path"
"igraph_get_widest_paths","https://igraph.org/c/html/latest/igraph-Structural.html#igraph_get_widest_paths"
"igraph_girth","https://igraph.org/c/html/latest/igraph-Structural.html#igraph_girth"
"igraph_global_efficiency","https://igraph.org/c/html/latest/igraph-Structural.html#igraph_global_efficiency"
"igraph_gomory_hu_tree","https://igraph.org/c/html/latest/igraph-Flows.html#igraph_gomory_hu_tree"
"igraph_graphlets","https://igraph.org/c/html/latest/igraph-Graphlets.html#igraph_graphlets"
"igraph_graphlets_candidate_basis","https://igraph.org/c/html/latest/igraph-Graphlets.html#igraph_graphlets_candidate_basis"
"igraph_graphlets_project","https://igraph.org/c/html/latest/igraph-Graphlets.html#igraph_graphlets_project"
"igraph_graph_center","https://igraph.org/c/html/latest/igraph-Structural.html#igraph_graph_center"
"igraph_graph_count","https://igraph.org/c/html/latest/igraph-Isomorphism.html#igraph_graph_count"
"igraph_graph_power","https://igraph.org/c/html/latest/igraph-Operators.html#igraph_graph_power"
"igraph_grg_game","https://igraph.org/c/html/latest/igraph-Games.html#igraph_grg_game"
"igraph_growing_random_game","https://igraph.org/c/html/latest/igraph-Games.html#igraph_growing_random_game"
"igraph_harmonic_centrality","https://igraph.org/c/html/latest/igraph-Structural.html#igraph_harmonic_centrality"
"igraph_harmonic_centrality_cutoff","https://igraph.org/c/html/latest/igraph-Structural.html#igraph_harmonic_centrality_cutoff"
"igraph_has_loop","https://igraph.org/c/html/latest/igraph-Structural.html#igraph_has_loop"
"igraph_has_multiple","https://igraph.org/c/html/latest/igraph-Structural.html#igraph_has_multiple"
"igraph_has_mutual","https://igraph.org/c/html/latest/igraph-Structural.html#igraph_has_mutual"
"igraph_heap_clear","https://igraph.org/c/html/latest/igraph-Data-structures.html#igraph_heap_clear"
"igraph_heap_delete_top","https://igraph.org/c/html/latest/igraph-Data-structures.html#igraph_heap_delete_top"
"igraph_heap_destroy","https://igraph.org/c/html/latest/igraph-Data-structures.html#igraph_heap_destroy"
"igraph_heap_empty","https://igraph.org/c/html/latest/igraph-Data-structures.html#igraph_heap_empty"
"igraph_heap_init","https://igraph.org/c/html/latest/igraph-Data-structures.html#igraph_heap_init"
"igraph_heap_init_array","https://igraph.org/c/html/latest/igraph-Data-structures.html#igraph_heap_init_array"
"igraph_heap_push","https://igraph.org/c/html/latest/igraph-Data-structures.html#igraph_heap_push"
"igraph_heap_reserve","https://igraph.org/c/html/latest/igraph-Data-structures.html#igraph_heap_reserve"
"igraph_heap_size","https://igraph.org/c/html/latest/igraph-Data-structures.html#igraph_heap_size"
"igraph_heap_top","https://igraph.org/c/html/latest/igraph-Data-structures.html#igraph_heap_top"
"igraph_hexagonal_lattice","https://igraph.org/c/html/latest/igraph-Generators.html#igraph_hexagonal_lattice"
"igraph_hrg_consensus","https://igraph.org/c/html/latest/igraph-HRG.html#igraph_hrg_consensus"
"igraph_hrg_create","https://igraph.org/c/html/latest/igraph-HRG.html#igraph_hrg_create"
"igraph_hrg_dendrogram","https://igraph.org/c/html/latest/igraph-HRG.html#igraph_hrg_dendrogram"
"igraph_hrg_destroy","https://igraph.org/c/html/latest/igraph-HRG.html#igraph_hrg_destroy"
"igraph_hrg_fit","https://igraph.org/c/html/latest/igraph-HRG.html#igraph_hrg_fit"
"igraph_hrg_game","https://igraph.org/c/html/latest/igraph-HRG.html#igraph_hrg_game"
"igraph_hrg_init","https://igraph.org/c/html/latest/igraph-HRG.html#igraph_hrg_init"
"igraph_hrg_predict","https://igraph.org/c/html/latest/igraph-HRG.html#igraph_hrg_predict"
"igraph_hrg_resize","https://igraph.org/c/html/latest/igraph-HRG.html#igraph_hrg_resize"
"igraph_hrg_sample","https://igraph.org/c/html/latest/igraph-HRG.html#igraph_hrg_sample"
"igraph_hrg_size","https://igraph.org/c/html/latest/igraph-HRG.html#igraph_hrg_size"
"igraph_hrg_t","https://igraph.org/c/html/latest/igraph-HRG.html#igraph_hrg_t"
"igraph_hsbm_game","https://igraph.org/c/html/latest/igraph-Games.html#igraph_hsbm_game"
"igraph_hsbm_list_game","https://igraph.org/c/html/latest/igraph-Games.html#igraph_hsbm_list_game"
"igraph_hub_and_authority_scores","https://igraph.org/c/html/latest/igraph-Structural.html#igraph_hub_and_authority_scores"
"igraph_hypercube","https://igraph.org/c/html/latest/igraph-Generators.html#igraph_hypercube"
"igraph_iea_game","https://igraph.org/c/html/latest/igraph-Games.html#igraph_iea_game"
"basic-data-types","https://igraph.org/c/html/latest/igraph-Basic.html#basic-data-types"
"basic-data-types","https://igraph.org/c/html/latest/igraph-Basic.html#basic-data-types"
"basic-data-types","https://igraph.org/c/html/latest/igraph-Basic.html#basic-data-types"
"basic-data-types","https://igraph.org/c/html/latest/igraph-Basic.html#basic-data-types"
"basic-data-types","https://igraph.org/c/html/latest/igraph-Basic.html#basic-data-types"
"basic-data-types","https://igraph.org/c/html/latest/igraph-Basic.html#basic-data-types"
"basic-data-types","https://igraph.org/c/html/latest/igraph-Basic.html#basic-data-types"
"basic-data-types","https://igraph.org/c/html/latest/igraph-Basic.html#basic-data-types"
"igraph_incident","https://igraph.org/c/html/latest/igraph-Basic.html#igraph_incident"
"igraph_inclist_clear","https://igraph.org/c/html/latest/igraph-Data-structures.html#igraph_inclist_clear"
"igraph_inclist_destroy","https://igraph.org/c/html/latest/igraph-Data-structures.html#igraph_inclist_destroy"
"igraph_inclist_get","https://igraph.org/c/html/latest/igraph-Data-structures.html#igraph_inclist_get"
"igraph_inclist_init","https://igraph.org/c/html/latest/igraph-Data-structures.html#igraph_inclist_init"
"igraph_inclist_size","https://igraph.org/c/html/latest/igraph-Data-structures.html#igraph_inclist_size"
"igraph_independence_number","https://igraph.org/c/html/latest/igraph-Cliques.html#igraph_independence_number"
"igraph_independent_vertex_sets","https://igraph.org/c/html/latest/igraph-Cliques.html#igraph_independent_vertex_sets"
"igraph_induced_subgraph","https://igraph.org/c/html/latest/igraph-Operators.html#igraph_induced_subgraph"
"igraph_induced_subgraph_edges","https://igraph.org/c/html/latest/igraph-Operators.html#igraph_induced_subgraph_edges"
"igraph_induced_subgraph_map","https://igraph.org/c/html/latest/igraph-Operators.html#igraph_induced_subgraph_map"
"igraph_intersection","https://igraph.org/c/html/latest/igraph-Operators.html#igraph_intersection"
"igraph_intersection_many","https://igraph.org/c/html/latest/igraph-Operators.html#igraph_intersection_many"
"igraph_invalidate_cache","https://igraph.org/c/html/latest/igraph-Basic.html#igraph_invalidate_cache"
"igraph_invert_permutation","https://igraph.org/c/html/latest/igraph-Isomorphism.html#igraph_invert_permutation"
"igraph_isoclass","https://igraph.org/c/html/latest/igraph-Isomorphism.html#igraph_isoclass"
"igraph_isoclass_create","https://igraph.org/c/html/latest/igraph-Isomorphism.html#igraph_isoclass_create"
"igraph_isoclass_subgraph","https://igraph.org/c/html/latest/igraph-Isomorphism.html#igraph_isoclass_subgraph"
"igraph_isocompat_t","https://igraph.org/c/html/latest/igraph-Isomorphism.html#igraph_isocompat_t"
"igraph_isohandler_t","https://igraph.org/c/html/latest/igraph-Isomorphism.html#igraph_isohandler_t"
"igraph_isomorphic","https://igraph.org/c/html/latest/igraph-Isomorphism.html#igraph_isomorphic"
"igraph_isomorphic_bliss","https://igraph.org/c/html/latest/igraph-Isomorphism.html#igraph_isomorphic_bliss"
"igraph_isomorphic_vf2","https://igraph.org/c/html/latest/igraph-Isomorphism.html#igraph_isomorphic_vf2"
"igraph_is_acyclic","https://igraph.org/c/html/latest/igraph-Cycles.html#igraph_is_acyclic"
"igraph_is_biconnected","https://igraph.org/c/html/latest/igraph-Structural.html#igraph_is_biconnected"
"igraph_is_bigraphical","https://igraph.org/c/html/latest/igraph-Structural.html#igraph_is_bigraphical"
"igraph_is_bipartite","https://igraph.org/c/html/latest/igraph-Bipartite.html#igraph_is_bipartite"
"igraph_is_bipartite_coloring","https://igraph.org/c/html/latest/igraph-Coloring.html#igraph_is_bipartite_coloring"
"igraph_is_chordal","https://igraph.org/c/html/latest/igraph-Structural.html#igraph_is_chordal"
"igraph_is_clique","https://igraph.org/c/html/latest/igraph-Cliques.html#igraph_is_clique"
"igraph_is_complete","https://igraph.org/c/html/latest/igraph-Cliques.html#igraph_is_complete"
"igraph_is_connected","https://igraph.org/c/html/latest/igraph-Structural.html#igraph_is_connected"
"igraph_is_dag","https://igraph.org/c/html/latest/igraph-Cycles.html#igraph_is_dag"
"igraph_is_directed","https://igraph.org/c/html/latest/igraph-Basic.html#igraph_is_directed"
"igraph_is_edge_coloring","https://igraph.org/c/html/latest/igraph-Coloring.html#igraph_is_edge_coloring"
"igraph_is_eulerian","https://igraph.org/c/html/latest/igraph-Cycles.html#igraph_is_eulerian"
"igraph_is_forest","https://igraph.org/c/html/latest/igraph-Structural.html#igraph_is_forest"
"igraph_is_graphical","https://igraph.org/c/html/latest/igraph-Structural.html#igraph_is_graphical"
"igraph_is_independent_vertex_set","https://igraph.org/c/html/latest/igraph-Cliques.html#igraph_is_independent_vertex_set"
"igraph_is_loop","https://igraph.org/c/html/latest/igraph-Structural.html#igraph_is_loop"
"igraph_is_matching","https://igraph.org/c/html/latest/igraph-Structural.html#igraph_is_matching"
"igraph_is_maximal_matching","https://igraph.org/c/html/latest/igraph-Structural.html#igraph_is_maximal_matching"
"igraph_is_minimal_separator","https://igraph.org/c/html/latest/igraph-Separators.html#igraph_is_minimal_separator"
"igraph_is_multiple","https://igraph.org/c/html/latest/igraph-Structural.html#igraph_is_multiple"
"igraph_is_mutual","https://igraph.org/c/html/latest/igraph-Structural.html#igraph_is_mutual"
"igraph_is_perfect","https://igraph.org/c/html/latest/igraph-Coloring.html#igraph_is_perfect"
"igraph_is_same_graph","https://igraph.org/c/html/latest/igraph-Basic.html#igraph_is_same_graph"
"igraph_is_separator","https://igraph.org/c/html/latest/igraph-Separators.html#igraph_is_separator"
"igraph_is_simple","https://igraph.org/c/html/latest/igraph-Structural.html#igraph_is_simple"
"igraph_is_tree","https://igraph.org/c/html/latest/igraph-Structural.html#igraph_is_tree"
"igraph_is_vertex_coloring","https://igraph.org/c/html/latest/igraph-Coloring.html#igraph_is_vertex_coloring"
"igraph_join","https://igraph.org/c/html/latest/igraph-Operators.html#igraph_join"
"igraph_joint_degree_distribution","https://igraph.org/c/html/latest/igraph-Structural.html#igraph_joint_degree_distribution"
"igraph_joint_degree_matrix","https://igraph.org/c/html/latest/igraph-Structural.html#igraph_joint_degree_matrix"
"igraph_joint_type_distribution","https://igraph.org/c/html/latest/igraph-Structural.html#igraph_joint_type_distribution"
"igraph_kary_tree","https://igraph.org/c/html/latest/igraph-Generators.html#igraph_kary_tree"
"igraph_kautz","https://igraph.org/c/html/latest/igraph-Generators.html#igraph_kautz"
"igraph_k_regular_game","https://igraph.org/c/html/latest/igraph-Games.html#igraph_k_regular_game"
"igraph_lapack_dgeev","https://igraph.org/c/html/latest/igraph-Linalg.html#igraph_lapack_dgeev"
"igraph_lapack_dgeevx","https://igraph.org/c/html/latest/igraph-Linalg.html#igraph_lapack_dgeevx"
"igraph_lapack_dgesv","https://igraph.org/c/html/latest/igraph-Linalg.html#igraph_lapack_dgesv"
"igraph_lapack_dgetrf","https://igraph.org/c/html/latest/igraph-Linalg.html#igraph_lapack_dgetrf"
"igraph_lapack_dgetrs","https://igraph.org/c/html/latest/igraph-Linalg.html#igraph_lapack_dgetrs"
"igraph_lapack_dsyevr","https://igraph.org/c/html/latest/igraph-Linalg.html#igraph_lapack_dsyevr"
"igraph_laplacian_normalization_t","https://igraph.org/c/html/latest/igraph-Structural.html#igraph_laplacian_normalization_t"
"igraph_laplacian_spectral_embedding","https://igraph.org/c/html/latest/igraph-Embedding.html#igraph_laplacian_spectral_embedding"
"igraph_largest_cliques","https://igraph.org/c/html/latest/igraph-Cliques.html#igraph_largest_cliques"
"igraph_largest_independent_vertex_sets","https://igraph.org/c/html/latest/igraph-Cliques.html#igraph_largest_independent_vertex_sets"
"igraph_largest_weighted_cliques","https://igraph.org/c/html/latest/igraph-Cliques.html#igraph_largest_weighted_cliques"
"igraph_lastcit_game","https://igraph.org/c/html/latest/igraph-Games.html#igraph_lastcit_game"
"igraph_layout_align","https://igraph.org/c/html/latest/igraph-Layout.html#igraph_layout_align"
"igraph_layout_bipartite","https://igraph.org/c/html/latest/igraph-Layout.html#igraph_layout_bipartite"
"igraph_layout_circle","https://igraph.org/c/html/latest/igraph-Layout.html#igraph_layout_circle"
"igraph_layout_davidson_harel","https://igraph.org/c/html/latest/igraph-Layout.html#igraph_layout_davidson_harel"
"igraph_layout_drl","https://igraph.org/c/html/latest/igraph-Layout.html#igraph_layout_drl"
"igraph_layout_drl_3d","https://igraph.org/c/html/latest/igraph-Layout.html#igraph_layout_drl_3d"
"igraph_layout_drl_default_t","https://igraph.org/c/html/latest/igraph-Layout.html#igraph_layout_drl_default_t"
"igraph_layout_drl_options_init","https://igraph.org/c/html/latest/igraph-Layout.html#igraph_layout_drl_options_init"
"igraph_layout_drl_options_t","https://igraph.org/c/html/latest/igraph-Layout.html#igraph_layout_drl_options_t"
"igraph_layout_fruchterman_reingold","https://igraph.org/c/html/latest/igraph-Layout.html#igraph_layout_fruchterman_reingold"
"igraph_layout_fruchterman_reingold_3d","https://igraph.org/c/html/latest/igraph-Layout.html#igraph_layout_fruchterman_reingold_3d"
"igraph_layout_gem","https://igraph.org/c/html/latest/igraph-Layout.html#igraph_layout_gem"
"igraph_layout_graphopt","https://igraph.org/c/html/latest/igraph-Layout.html#igraph_layout_graphopt"
"igraph_layout_grid","https://igraph.org/c/html/latest/igraph-Layout.html#igraph_layout_grid"
"igraph_layout_grid_3d","https://igraph.org/c/html/latest/igraph-Layout.html#igraph_layout_grid_3d"
"igraph_layout_kamada_kawai","https://igraph.org/c/html/latest/igraph-Layout.html#igraph_layout_kamada_kawai"
"igraph_layout_kamada_kawai_3d","https://igraph.org/c/html/latest/igraph-Layout.html#igraph_layout_kamada_kawai_3d"
"igraph_layout_lgl","https://igraph.org/c/html/latest/igraph-Layout.html#igraph_layout_lgl"
"igraph_layout_mds","https://igraph.org/c/html/latest/igraph-Layout.html#igraph_layout_mds"
"igraph_layout_merge_dla","https://igraph.org/c/html/latest/igraph-Layout.html#igraph_layout_merge_dla"
"igraph_layout_random","https://igraph.org/c/html/latest/igraph-Layout.html#igraph_layout_random"
"igraph_layout_random_3d","https://igraph.org/c/html/latest/igraph-Layout.html#igraph_layout_random_3d"
"igraph_layout_reingold_tilford","https://igraph.org/c/html/latest/igraph-Layout.html#igraph_layout_reingold_tilford"
"igraph_layout_reingold_tilford_circular","https://igraph.org/c/html/latest/igraph-Layout.html#igraph_layout_reingold_tilford_circular"
"igraph_layout_sphere","https://igraph.org/c/html/latest/igraph-Layout.html#igraph_layout_sphere"
"igraph_layout_star","https://igraph.org/c/html/latest/igraph-Layout.html#igraph_layout_star"
"igraph_layout_sugiyama","https://igraph.org/c/html/latest/igraph-Layout.html#igraph_layout_sugiyama"
"igraph_layout_umap","https://igraph.org/c/html/latest/igraph-Layout.html#igraph_layout_umap"
"igraph_layout_umap_3d","https://igraph.org/c/html/latest/igraph-Layout.html#igraph_layout_umap_3d"
"igraph_layout_umap_compute_weights","https://igraph.org/c/html/latest/igraph-Layout.html#igraph_layout_umap_compute_weights"
"igraph_lazy_adjlist_clear","https://igraph.org/c/html/latest/igraph-Data-structures.html#igraph_lazy_adjlist_clear"
"igraph_lazy_adjlist_destroy","https://igraph.org/c/html/latest/igraph-Data-structures.html#igraph_lazy_adjlist_destroy"
"igraph_lazy_adjlist_get","https://igraph.org/c/html/latest/igraph-Data-structures.html#igraph_lazy_adjlist_get"
"igraph_lazy_adjlist_has","https://igraph.org/c/html/latest/igraph-Data-structures.html#igraph_lazy_adjlist_has"
"igraph_lazy_adjlist_init","https://igraph.org/c/html/latest/igraph-Data-structures.html#igraph_lazy_adjlist_init"
"igraph_lazy_adjlist_size","https://igraph.org/c/html/latest/igraph-Data-structures.html#igraph_lazy_adjlist_size"
"igraph_lazy_inclist_clear","https://igraph.org/c/html/latest/igraph-Data-structures.html#igraph_lazy_inclist_clear"
"igraph_lazy_inclist_destroy","https://igraph.org/c/html/latest/igraph-Data-structures.html#igraph_lazy_inclist_destroy"
"igraph_lazy_inclist_get","https://igraph.org/c/html/latest/igraph-Data-structures.html#igraph_lazy_inclist_get"
"igraph_lazy_inclist_has","https://igraph.org/c/html/latest/igraph-Data-structures.html#igraph_lazy_inclist_has"
"igraph_lazy_inclist_init","https://igraph.org/c/html/latest/igraph-Data-structures.html#igraph_lazy_inclist_init"
"igraph_lazy_inclist_size","https://igraph.org/c/html/latest/igraph-Data-structures.html#igraph_lazy_inclist_size"
"igraph_lcf","https://igraph.org/c/html/latest/igraph-Generators.html#igraph_lcf"
"igraph_lcf_small","https://igraph.org/c/html/latest/igraph-Generators.html#igraph_lcf_small"
"igraph_le_community_to_membership","https://igraph.org/c/html/latest/igraph-Community.html#igraph_le_community_to_membership"
"igraph_linegraph","https://igraph.org/c/html/latest/igraph-Operators.html#igraph_linegraph"
"igraph_list_triangles","https://igraph.org/c/html/latest/igraph-Motifs.html#igraph_list_triangles"
"igraph_local_efficiency","https://igraph.org/c/html/latest/igraph-Structural.html#igraph_local_efficiency"
"igraph_local_scan_0","https://igraph.org/c/html/latest/igraph-Structural.html#igraph_local_scan_0"
"igraph_local_scan_0_them","https://igraph.org/c/html/latest/igraph-Structural.html#igraph_local_scan_0_them"
"igraph_local_scan_1_ecount","https://igraph.org/c/html/latest/igraph-Structural.html#igraph_local_scan_1_ecount"
"igraph_local_scan_1_ecount_them","https://igraph.org/c/html/latest/igraph-Structural.html#igraph_local_scan_1_ecount_them"
"igraph_local_scan_k_ecount","https://igraph.org/c/html/latest/igraph-Structural.html#igraph_local_scan_k_ecount"
"igraph_local_scan_k_ecount_them","https://igraph.org/c/html/latest/igraph-Structural.html#igraph_local_scan_k_ecount_them"
"igraph_local_scan_neighborhood_ecount","https://igraph.org/c/html/latest/igraph-Structural.html#igraph_local_scan_neighborhood_ecount"
"igraph_local_scan_subset_ecount","https://igraph.org/c/html/latest/igraph-Structural.html#igraph_local_scan_subset_ecount"
"igraph_loops_t","https://igraph.org/c/html/latest/igraph-Structural.html#igraph_loops_t"
"igraph_lune_beta_skeleton","https://igraph.org/c/html/latest/igraph-Spatial.html#igraph_lune_beta_skeleton"
"igraph_malloc","https://igraph.org/c/html/latest/igraph-Memory.html#igraph_malloc"
"MATRIX","https://igraph.org/c/html/latest/igraph-Data-structures.html#MATRIX"
"igraph_matrix_add","https://igraph.org/c/html/latest/igraph-Data-structures.html#igraph_matrix_add"
"igraph_matrix_add_cols","https://igraph.org/c/html/latest/igraph-Data-structures.html#igraph_matrix_add_cols"
"igraph_matrix_add_constant","https://igraph.org/c/html/latest/igraph-Data-structures.html#igraph_matrix_add_constant"
"igraph_matrix_add_rows","https://igraph.org/c/html/latest/igraph-Data-structures.html#igraph_matrix_add_rows"
"igraph_matrix_all_almost_e","https://igraph.org/c/html/latest/igraph-Data-structures.html#igraph_matrix_all_almost_e"
"igraph_matrix_all_e","https://igraph.org/c/html/latest/igraph-Data-structures.html#igraph_matrix_all_e"
"igraph_matrix_all_g","https://igraph.org/c/html/latest/igraph-Data-structures.html#igraph_matrix_all_g"
"igraph_matrix_all_ge","https://igraph.org/c/html/latest/igraph-Data-structures.html#igraph_matrix_all_ge"
"igraph_matrix_all_l","https://igraph.org/c/html/latest/igraph-Data-structures.html#igraph_matrix_all_l"
"igraph_matrix_all_le","https://igraph.org/c/html/latest/igraph-Data-structures.html#igraph_matrix_all_le"
"igraph_matrix_as_sparsemat","https://igraph.org/c/html/latest/igraph-Data-structures.html#igraph_matrix_as_sparsemat"
"igraph_matrix_capacity","https://igraph.org/c/html/latest/igraph-Data-structures.html#igraph_matrix_capacity"
"igraph_matrix_cbind","https://igraph.org/c/html/latest/igraph-Data-structures.html#igraph_matrix_cbind"
"igraph_matrix_colsum","https://igraph.org/c/html/latest/igraph-Data-structures.html#igraph_matrix_colsum"
"igraph_matrix_complex_all_almost_e","https://igraph.org/c/html/latest/igraph-Data-structures.html#igraph_matrix_complex_all_almost_e"
"igraph_matrix_complex_create","https://igraph.org/c/html/latest/igraph-Data-structures.html#igraph_matrix_complex_create"
"igraph_matrix_complex_create_polar","https://igraph.org/c/html/latest/igraph-Data-structures.html#igraph_matrix_complex_create_polar"
"igraph_matrix_complex_imag","https://igraph.org/c/html/latest/igraph-Data-structures.html#igraph_matrix_complex_imag"
"igraph_matrix_complex_real","https://igraph.org/c/html/latest/igraph-Data-structures.html#igraph_matrix_complex_real"
"igraph_matrix_complex_realimag","https://igraph.org/c/html/latest/igraph-Data-structures.html#igraph_matrix_complex_realimag"
"igraph_matrix_complex_zapsmall","https://igraph.org/c/html/latest/igraph-Data-structures.html#igraph_matrix_complex_zapsmall"
"igraph_matrix_contains","https://igraph.org/c/html/latest/igraph-Data-structures.html#igraph_matrix_contains"
"igraph_matrix_copy_to","https://igraph.org/c/html/latest/igraph-Data-structures.html#igraph_matrix_copy_to"
"igraph_matrix_destroy","https://igraph.org/c/html/latest/igraph-Data-structures.html#igraph_matrix_destroy"
"igraph_matrix_div_elements","https://igraph.org/c/html/latest/igraph-Data-structures.html#igraph_matrix_div_elements"
"igraph_matrix_empty","https://igraph.org/c/html/latest/igraph-Data-structures.html#igraph_matrix_empty"
"igraph_matrix_fill","https://igraph.org/c/html/latest/igraph-Data-structures.html#igraph_matrix_fill"
"igraph_matrix_get","https://igraph.org/c/html/latest/igraph-Data-structures.html#igraph_matrix_get"
"igraph_matrix_get_col","https://igraph.org/c/html/latest/igraph-Data-structures.html#igraph_matrix_get_col"
"igraph_matrix_get_ptr","https://igraph.org/c/html/latest/igraph-Data-structures.html#igraph_matrix_get_ptr"
"igraph_matrix_get_row","https://igraph.org/c/html/latest/igraph-Data-structures.html#igraph_matrix_get_row"
"igraph_matrix_init","https://igraph.org/c/html/latest/igraph-Data-structures.html#igraph_matrix_init"
"igraph_matrix_init_array","https://igraph.org/c/html/latest/igraph-Data-structures.html#igraph_matrix_init_array"
"igraph_matrix_init_copy","https://igraph.org/c/html/latest/igraph-Data-structures.html#igraph_matrix_init_copy"
"igraph_matrix_isnull","https://igraph.org/c/html/latest/igraph-Data-structures.html#igraph_matrix_isnull"
"igraph_matrix_is_symmetric","https://igraph.org/c/html/latest/igraph-Data-structures.html#igraph_matrix_is_symmetric"
"igraph_matrix_max","https://igraph.org/c/html/latest/igraph-Data-structures.html#igraph_matrix_max"
"igraph_matrix_maxdifference","https://igraph.org/c/html/latest/igraph-Data-structures.html#igraph_matrix_maxdifference"
"igraph_matrix_min","https://igraph.org/c/html/latest/igraph-Data-structures.html#igraph_matrix_min"
"igraph_matrix_minmax","https://igraph.org/c/html/latest/igraph-Data-structures.html#igraph_matrix_minmax"
"igraph_matrix_mul_elements","https://igraph.org/c/html/latest/igraph-Data-structures.html#igraph_matrix_mul_elements"
"igraph_matrix_ncol","https://igraph.org/c/html/latest/igraph-Data-structures.html#igraph_matrix_ncol"
"igraph_matrix_nrow","https://igraph.org/c/html/latest/igraph-Data-structures.html#igraph_matrix_nrow"
"igraph_matrix_null","https://igraph.org/c/html/latest/igraph-Data-structures.html#igraph_matrix_null"
"igraph_matrix_prod","https://igraph.org/c/html/latest/igraph-Data-structures.html#igraph_matrix_prod"
"igraph_matrix_rbind","https://igraph.org/c/html/latest/igraph-Data-structures.html#igraph_matrix_rbind"
"igraph_matrix_remove_col","https://igraph.org/c/html/latest/igraph-Data-structures.html#igraph_matrix_remove_col"
"igraph_matrix_remove_row","https://igraph.org/c/html/latest/igraph-Data-structures.html#igraph_matrix_remove_row"
"igraph_matrix_resize","https://igraph.org/c/html/latest/igraph-Data-structures.html#igraph_matrix_resize"
"igraph_matrix_resize_min","https://igraph.org/c/html/latest/igraph-Data-structures.html#igraph_matrix_resize_min"
"igraph_matrix_rowsum","https://igraph.org/c/html/latest/igraph-Data-structures.html#igraph_matrix_rowsum"
"igraph_matrix_scale","https://igraph.org/c/html/latest/igraph-Data-structures.html#igraph_matrix_scale"
"igraph_matrix_search","https://igraph.org/c/html/latest/igraph-Data-structures.html#igraph_matrix_search"
"igraph_matrix_select_cols","https://igraph.org/c/html/latest/igraph-Data-structures.html#igraph_matrix_select_cols"
"igraph_matrix_select_rows","https://igraph.org/c/html/latest/igraph-Data-structures.html#igraph_matrix_select_rows"
"igraph_matrix_select_rows_cols","https://igraph.org/c/html/latest/igraph-Data-structures.html#igraph_matrix_select_rows_cols"
"igraph_matrix_set","https://igraph.org/c/html/latest/igraph-Data-structures.html#igraph_matrix_set"
"igraph_matrix_set_col","https://igraph.org/c/html/latest/igraph-Data-structures.html#igraph_matrix_set_col"
"igraph_matrix_set_row","https://igraph.org/c/html/latest/igraph-Data-structures.html#igraph_matrix_set_row"
"igraph_matrix_size","https://igraph.org/c/html/latest/igraph-Data-structures.html#igraph_matrix_size"
"igraph_matrix_sub","https://igraph.org/c/html/latest/igraph-Data-structures.html#igraph_matrix_sub"
"igraph_matrix_sum","https://igraph.org/c/html/latest/igraph-Data-structures.html#igraph_matrix_sum"
"igraph_matrix_swap","https://igraph.org/c/html/latest/igraph-Data-structures.html#igraph_matrix_swap"
"igraph_matrix_swap_cols","https://igraph.org/c/html/latest/igraph-Data-structures.html#igraph_matrix_swap_cols"
"igraph_matrix_swap_rows","https://igraph.org/c/html/latest/igraph-Data-structures.html#igraph_matrix_swap_rows"
"igraph_matrix_transpose","https://igraph.org/c/html/latest/igraph-Data-structures.html#igraph_matrix_transpose"
"igraph_matrix_update","https://igraph.org/c/html/latest/igraph-Data-structures.html#igraph_matrix_update"
"igraph_matrix_view","https://igraph.org/c/html/latest/igraph-Data-structures.html#igraph_matrix_view"
"igraph_matrix_view_from_vector","https://igraph.org/c/html/latest/igraph-Data-structures.html#igraph_matrix_view_from_vector"
"igraph_matrix_which_max","https://igraph.org/c/html/latest/igraph-Data-structures.html#igraph_matrix_which_max"
"igraph_matrix_which_min","https://igraph.org/c/html/latest/igraph-Data-structures.html#igraph_matrix_which_min"
"igraph_matrix_which_minmax","https://igraph.org/c/html/latest/igraph-Data-structures.html#igraph_matrix_which_minmax"
"igraph_matrix_zapsmall","https://igraph.org/c/html/latest/igraph-Data-structures.html#igraph_matrix_zapsmall"
"igraph_maxdegree","https://igraph.org/c/html/latest/igraph-Structural.html#igraph_maxdegree"
"igraph_maxflow","https://igraph.org/c/html/latest/igraph-Flows.html#igraph_maxflow"
"igraph_maxflow_stats_t","https://igraph.org/c/html/latest/igraph-Flows.html#igraph_maxflow_stats_t"
"igraph_maxflow_value","https://igraph.org/c/html/latest/igraph-Flows.html#igraph_maxflow_value"
"igraph_maximal_cliques","https://igraph.org/c/html/latest/igraph-Cliques.html#igraph_maximal_cliques"
"igraph_maximal_cliques_callback","https://igraph.org/c/html/latest/igraph-Cliques.html#igraph_maximal_cliques_callback"
"igraph_maximal_cliques_count","https://igraph.org/c/html/latest/igraph-Cliques.html#igraph_maximal_cliques_count"
"igraph_maximal_cliques_file","https://igraph.org/c/html/latest/igraph-Cliques.html#igraph_maximal_cliques_file"
"igraph_maximal_cliques_hist","https://igraph.org/c/html/latest/igraph-Cliques.html#igraph_maximal_cliques_hist"
"igraph_maximal_cliques_subset","https://igraph.org/c/html/latest/igraph-Cliques.html#igraph_maximal_cliques_subset"
"igraph_maximal_independent_vertex_sets","https://igraph.org/c/html/latest/igraph-Cliques.html#igraph_maximal_independent_vertex_sets"
"igraph_maximum_bipartite_matching","https://igraph.org/c/html/latest/igraph-Structural.html#igraph_maximum_bipartite_matching"
"igraph_maximum_cardinality_search","https://igraph.org/c/html/latest/igraph-Structural.html#igraph_maximum_cardinality_search"
"igraph_mean_degree","https://igraph.org/c/html/latest/igraph-Structural.html#igraph_mean_degree"
"igraph_metric_t","https://igraph.org/c/html/latest/igraph-Spatial.html#igraph_metric_t"
"igraph_mincut","https://igraph.org/c/html/latest/igraph-Flows.html#igraph_mincut"
"igraph_mincut_value","https://igraph.org/c/html/latest/igraph-Flows.html#igraph_mincut_value"
"igraph_minimum_cycle_basis","https://igraph.org/c/html/latest/igraph-Cycles.html#igraph_minimum_cycle_basis"
"igraph_minimum_size_separators","https://igraph.org/c/html/latest/igraph-Separators.html#igraph_minimum_size_separators"
"igraph_minimum_spanning_tree","https://igraph.org/c/html/latest/igraph-Structural.html#igraph_minimum_spanning_tree"
"igraph_modularity","https://igraph.org/c/html/latest/igraph-Community.html#igraph_modularity"
"igraph_modularity_matrix","https://igraph.org/c/html/latest/igraph-Community.html#igraph_modularity_matrix"
"igraph_motifs_handler_t","https://igraph.org/c/html/latest/igraph-Motifs.html#igraph_motifs_handler_t"
"igraph_motifs_randesu","https://igraph.org/c/html/latest/igraph-Motifs.html#igraph_motifs_randesu"
"igraph_motifs_randesu_callback","https://igraph.org/c/html/latest/igraph-Motifs.html#igraph_motifs_randesu_callback"
"igraph_motifs_randesu_estimate","https://igraph.org/c/html/latest/igraph-Motifs.html#igraph_motifs_randesu_estimate"
"igraph_motifs_randesu_no","https://igraph.org/c/html/latest/igraph-Motifs.html#igraph_motifs_randesu_no"
"igraph_mycielskian","https://igraph.org/c/html/latest/igraph-Operators.html#igraph_mycielskian"
"igraph_mycielski_graph","https://igraph.org/c/html/latest/igraph-Generators.html#igraph_mycielski_graph"
"igraph_nearest_neighbor_graph","https://igraph.org/c/html/latest/igraph-Spatial.html#igraph_nearest_neighbor_graph"
"igraph_neighborhood","https://igraph.org/c/html/latest/igraph-Structural.html#igraph_neighborhood"
"igraph_neighborhood_graphs","https://igraph.org/c/html/latest/igraph-Structural.html#igraph_neighborhood_graphs"
"igraph_neighborhood_size","https://igraph.org/c/html/latest/igraph-Structural.html#igraph_neighborhood_size"
"igraph_neighbors","https://igraph.org/c/html/latest/igraph-Basic.html#igraph_neighbors"
"igraph_neimode_t","https://igraph.org/c/html/latest/igraph-Structural.html#igraph_neimode_t"
"IGRAPH_OTHER","https://igraph.org/c/html/latest/igraph-Basic.html#IGRAPH_OTHER"
"igraph_pagerank","https://igraph.org/c/html/latest/igraph-Structural.html#igraph_pagerank"
"igraph_pagerank_algo_t","https://igraph.org/c/html/latest/igraph-Structural.html#igraph_pagerank_algo_t"
"igraph_path_graph","https://igraph.org/c/html/latest/igraph-Generators.html#igraph_path_graph"
"igraph_path_length_hist","https://igraph.org/c/html/latest/igraph-Structural.html#igraph_path_length_hist"
"igraph_permute_vertices","https://igraph.org/c/html/latest/igraph-Isomorphism.html#igraph_permute_vertices"
"igraph_personalized_pagerank","https://igraph.org/c/html/latest/igraph-Structural.html#igraph_personalized_pagerank"
"igraph_personalized_pagerank_vs","https://igraph.org/c/html/latest/igraph-Structural.html#igraph_personalized_pagerank_vs"
"igraph_plfit_result_calculate_p_value","https://igraph.org/c/html/latest/igraph-Nongraph.html#igraph_plfit_result_calculate_p_value"
"igraph_plfit_result_t","https://igraph.org/c/html/latest/igraph-Nongraph.html#igraph_plfit_result_t"
"igraph_power_law_fit","https://igraph.org/c/html/latest/igraph-Nongraph.html#igraph_power_law_fit"
"igraph_preference_game","https://igraph.org/c/html/latest/igraph-Games.html#igraph_preference_game"
"igraph_product","https://igraph.org/c/html/latest/igraph-Operators.html#igraph_product"
"IGRAPH_PROGRESS","https://igraph.org/c/html/latest/igraph-Advanced.html#IGRAPH_PROGRESS"
"igraph_progress","https://igraph.org/c/html/latest/igraph-Advanced.html#igraph_progress"
"IGRAPH_PROGRESSF","https://igraph.org/c/html/latest/igraph-Advanced.html#IGRAPH_PROGRESSF"
"igraph_progressf","https://igraph.org/c/html/latest/igraph-Advanced.html#igraph_progressf"
"igraph_progress_handler_stderr","https://igraph.org/c/html/latest/igraph-Advanced.html#igraph_progress_handler_stderr"
"igraph_progress_handler_t","https://igraph.org/c/html/latest/igraph-Advanced.html#igraph_progress_handler_t"
"igraph_pseudo_diameter","https://igraph.org/c/html/latest/igraph-Structural.html#igraph_pseudo_diameter"
"igraph_psumtree_destroy","https://igraph.org/c/html/latest/igraph-Data-structures.html#igraph_psumtree_destroy"
"igraph_psumtree_get","https://igraph.org/c/html/latest/igraph-Data-structures.html#igraph_psumtree_get"
"igraph_psumtree_init","https://igraph.org/c/html/latest/igraph-Data-structures.html#igraph_psumtree_init"
"igraph_psumtree_reset","https://igraph.org/c/html/latest/igraph-Data-structures.html#igraph_psumtree_reset"
"igraph_psumtree_search","https://igraph.org/c/html/latest/igraph-Data-structures.html#igraph_psumtree_search"
"igraph_psumtree_size","https://igraph.org/c/html/latest/igraph-Data-structures.html#igraph_psumtree_size"
"igraph_psumtree_sum","https://igraph.org/c/html/latest/igraph-Data-structures.html#igraph_psumtree_sum"
"igraph_psumtree_update","https://igraph.org/c/html/latest/igraph-Data-structures.html#igraph_psumtree_update"
"igraph_radius","https://igraph.org/c/html/latest/igraph-Structural.html#igraph_radius"
"igraph_random_sample","https://igraph.org/c/html/latest/igraph-Nongraph.html#igraph_random_sample"
"igraph_random_spanning_tree","https://igraph.org/c/html/latest/igraph-Structural.html#igraph_random_spanning_tree"
"igraph_random_walk","https://igraph.org/c/html/latest/igraph-Visitors.html#igraph_random_walk"
"igraph_reachability","https://igraph.org/c/html/latest/igraph-Structural.html#igraph_reachability"
"igraph_read_graph_dimacs_flow","https://igraph.org/c/html/latest/igraph-Foreign.html#igraph_read_graph_dimacs_flow"
"igraph_read_graph_dl","https://igraph.org/c/html/latest/igraph-Foreign.html#igraph_read_graph_dl"
"igraph_read_graph_edgelist","https://igraph.org/c/html/latest/igraph-Foreign.html#igraph_read_graph_edgelist"
"igraph_read_graph_gml","https://igraph.org/c/html/latest/igraph-Foreign.html#igraph_read_graph_gml"
"igraph_read_graph_graphdb","https://igraph.org/c/html/latest/igraph-Foreign.html#igraph_read_graph_graphdb"
"igraph_read_graph_graphml","https://igraph.org/c/html/latest/igraph-Foreign.html#igraph_read_graph_graphml"
"igraph_read_graph_lgl","https://igraph.org/c/html/latest/igraph-Foreign.html#igraph_read_graph_lgl"
"igraph_read_graph_ncol","https://igraph.org/c/html/latest/igraph-Foreign.html#igraph_read_graph_ncol"
"igraph_read_graph_pajek","https://igraph.org/c/html/latest/igraph-Foreign.html#igraph_read_graph_pajek"
"igraph_realize_bipartite_degree_sequence","https://igraph.org/c/html/latest/igraph-Generators.html#igraph_realize_bipartite_degree_sequence"
"igraph_realize_degree_sequence","https://igraph.org/c/html/latest/igraph-Generators.html#igraph_realize_degree_sequence"
"igraph_realloc","https://igraph.org/c/html/latest/igraph-Memory.html#igraph_realloc"
"igraph_recent_degree_aging_game","https://igraph.org/c/html/latest/igraph-Games.html#igraph_recent_degree_aging_game"
"igraph_recent_degree_game","https://igraph.org/c/html/latest/igraph-Games.html#igraph_recent_degree_game"
"igraph_reciprocity","https://igraph.org/c/html/latest/igraph-Structural.html#igraph_reciprocity"
"igraph_regular_tree","https://igraph.org/c/html/latest/igraph-Generators.html#igraph_regular_tree"
"igraph_reindex_membership","https://igraph.org/c/html/latest/igraph-Community.html#igraph_reindex_membership"
"igraph_relative_neighborhood_graph","https://igraph.org/c/html/latest/igraph-Spatial.html#igraph_relative_neighborhood_graph"
"igraph_reverse_edges","https://igraph.org/c/html/latest/igraph-Operators.html#igraph_reverse_edges"
"igraph_rewire","https://igraph.org/c/html/latest/igraph-Games.html#igraph_rewire"
"igraph_rewire_directed_edges","https://igraph.org/c/html/latest/igraph-Games.html#igraph_rewire_directed_edges"
"igraph_rewire_edges","https://igraph.org/c/html/latest/igraph-Games.html#igraph_rewire_edges"
"igraph_rich_club_sequence","https://igraph.org/c/html/latest/igraph-Structural.html#igraph_rich_club_sequence"
"igraph_ring","https://igraph.org/c/html/latest/igraph-Generators.html#igraph_ring"
"igraph_rngtype_glibc2","https://igraph.org/c/html/latest/igraph-Random.html#igraph_rngtype_glibc2"
"igraph_rngtype_mt19937","https://igraph.org/c/html/latest/igraph-Random.html#igraph_rngtype_mt19937"
"igraph_rngtype_pcg32","https://igraph.org/c/html/latest/igraph-Random.html#igraph_rngtype_pcg32"
"igraph_rngtype_pcg64","https://igraph.org/c/html/latest/igraph-Random.html#igraph_rngtype_pcg64"
"igraph_rng_bits","https://igraph.org/c/html/latest/igraph-Random.html#igraph_rng_bits"
"igraph_rng_default","https://igraph.org/c/html/latest/igraph-Random.html#igraph_rng_default"
"igraph_rng_destroy","https://igraph.org/c/html/latest/igraph-Random.html#igraph_rng_destroy"
"igraph_rng_get_binom","https://igraph.org/c/html/latest/igraph-Random.html#igraph_rng_get_binom"
"igraph_rng_get_bool","https://igraph.org/c/html/latest/igraph-Random.html#igraph_rng_get_bool"
"igraph_rng_get_exp","https://igraph.org/c/html/latest/igraph-Random.html#igraph_rng_get_exp"
"igraph_rng_get_gamma","https://igraph.org/c/html/latest/igraph-Random.html#igraph_rng_get_gamma"
"igraph_rng_get_geom","https://igraph.org/c/html/latest/igraph-Random.html#igraph_rng_get_geom"
"igraph_rng_get_integer","https://igraph.org/c/html/latest/igraph-Random.html#igraph_rng_get_integer"
"igraph_rng_get_normal","https://igraph.org/c/html/latest/igraph-Random.html#igraph_rng_get_normal"
"igraph_rng_get_pois","https://igraph.org/c/html/latest/igraph-Random.html#igraph_rng_get_pois"
"igraph_rng_get_unif","https://igraph.org/c/html/latest/igraph-Random.html#igraph_rng_get_unif"
"igraph_rng_get_unif01","https://igraph.org/c/html/latest/igraph-Random.html#igraph_rng_get_unif01"
"igraph_rng_init","https://igraph.org/c/html/latest/igraph-Random.html#igraph_rng_init"
"igraph_rng_max","https://igraph.org/c/html/latest/igraph-Random.html#igraph_rng_max"
"igraph_rng_name","https://igraph.org/c/html/latest/igraph-Random.html#igraph_rng_name"
"igraph_rng_sample_dirichlet","https://igraph.org/c/html/latest/igraph-Nongraph.html#igraph_rng_sample_dirichlet"
"igraph_rng_sample_sphere_surface","https://igraph.org/c/html/latest/igraph-Nongraph.html#igraph_rng_sample_sphere_surface"
"igraph_rng_sample_sphere_volume","https://igraph.org/c/html/latest/igraph-Nongraph.html#igraph_rng_sample_sphere_volume"
"igraph_rng_seed","https://igraph.org/c/html/latest/igraph-Random.html#igraph_rng_seed"
"igraph_rng_set_default","https://igraph.org/c/html/latest/igraph-Random.html#igraph_rng_set_default"
"igraph_rooted_product","https://igraph.org/c/html/latest/igraph-Operators.html#igraph_rooted_product"
"igraph_roots_for_tree_layout","https://igraph.org/c/html/latest/igraph-Layout.html#igraph_roots_for_tree_layout"
"igraph_running_mean","https://igraph.org/c/html/latest/igraph-Nongraph.html#igraph_running_mean"
"igraph_sbm_game","https://igraph.org/c/html/latest/igraph-Games.html#igraph_sbm_game"
"SETEAB","https://igraph.org/c/html/latest/igraph-Attributes.html#SETEAB"
"SETEABV","https://igraph.org/c/html/latest/igraph-Attributes.html#SETEABV"
"SETEAN","https://igraph.org/c/html/latest/igraph-Attributes.html#SETEAN"
"SETEANV","https://igraph.org/c/html/latest/igraph-Attributes.html#SETEANV"
"SETEAS","https://igraph.org/c/html/latest/igraph-Attributes.html#SETEAS"
"SETEASV","https://igraph.org/c/html/latest/igraph-Attributes.html#SETEASV"
"SETGAB","https://igraph.org/c/html/latest/igraph-Attributes.html#SETGAB"
"SETGAN","https://igraph.org/c/html/latest/igraph-Attributes.html#SETGAN"
"SETGAS","https://igraph.org/c/html/latest/igraph-Attributes.html#SETGAS"
"igraph_setup","https://igraph.org/c/html/latest/igraph-Basic.html#igraph_setup"
"SETVAB","https://igraph.org/c/html/latest/igraph-Attributes.html#SETVAB"
"SETVABV","https://igraph.org/c/html/latest/igraph-Attributes.html#SETVABV"
"SETVAN","https://igraph.org/c/html/latest/igraph-Attributes.html#SETVAN"
"SETVANV","https://igraph.org/c/html/latest/igraph-Attributes.html#SETVANV"
"SETVAS","https://igraph.org/c/html/latest/igraph-Attributes.html#SETVAS"
"SETVASV","https://igraph.org/c/html/latest/igraph-Attributes.html#SETVASV"
"igraph_set_attribute_table","https://igraph.org/c/html/latest/igraph-Attributes.html#igraph_set_attribute_table"
"igraph_set_error_handler","https://igraph.org/c/html/latest/igraph-Error.html#igraph_set_error_handler"
"igraph_set_fatal_handler","https://igraph.org/c/html/latest/igraph-Error.html#igraph_set_fatal_handler"
"igraph_set_progress_handler","https://igraph.org/c/html/latest/igraph-Advanced.html#igraph_set_progress_handler"
"igraph_set_status_handler","https://igraph.org/c/html/latest/igraph-Advanced.html#igraph_set_status_handler"
"igraph_set_warning_handler","https://igraph.org/c/html/latest/igraph-Error.html#igraph_set_warning_handler"
"igraph_similarity_dice","https://igraph.org/c/html/latest/igraph-Structural.html#igraph_similarity_dice"
"igraph_similarity_dice_es","https://igraph.org/c/html/latest/igraph-Structural.html#igraph_similarity_dice_es"
"igraph_similarity_dice_pairs","https://igraph.org/c/html/latest/igraph-Structural.html#igraph_similarity_dice_pairs"
"igraph_similarity_inverse_log_weighted","https://igraph.org/c/html/latest/igraph-Structural.html#igraph_similarity_inverse_log_weighted"
"igraph_similarity_jaccard","https://igraph.org/c/html/latest/igraph-Structural.html#igraph_similarity_jaccard"
"igraph_similarity_jaccard_es","https://igraph.org/c/html/latest/igraph-Structural.html#igraph_similarity_jaccard_es"
"igraph_similarity_jaccard_pairs","https://igraph.org/c/html/latest/igraph-Structural.html#igraph_similarity_jaccard_pairs"
"igraph_simple_cycles","https://igraph.org/c/html/latest/igraph-Cycles.html#igraph_simple_cycles"
"igraph_simple_cycles_callback","https://igraph.org/c/html/latest/igraph-Cycles.html#igraph_simple_cycles_callback"
"igraph_simple_interconnected_islands_game","https://igraph.org/c/html/latest/igraph-Games.html#igraph_simple_interconnected_islands_game"
"igraph_simplify","https://igraph.org/c/html/latest/igraph-Operators.html#igraph_simplify"
"igraph_simplify_and_colorize","https://igraph.org/c/html/latest/igraph-Isomorphism.html#igraph_simplify_and_colorize"
"igraph_sir","https://igraph.org/c/html/latest/igraph-Processes.html#igraph_sir"
"igraph_sir_destroy","https://igraph.org/c/html/latest/igraph-Processes.html#igraph_sir_destroy"
"igraph_sir_t","https://igraph.org/c/html/latest/igraph-Processes.html#igraph_sir_t"
"igraph_site_percolation","https://igraph.org/c/html/latest/igraph-Structural.html#igraph_site_percolation"
"igraph_small","https://igraph.org/c/html/latest/igraph-Generators.html#igraph_small"
"igraph_spanner","https://igraph.org/c/html/latest/igraph-Structural.html#igraph_spanner"
"igraph_sparsemat_add","https://igraph.org/c/html/latest/igraph-Data-structures.html#igraph_sparsemat_add"
"igraph_sparsemat_add_cols","https://igraph.org/c/html/latest/igraph-Data-structures.html#igraph_sparsemat_add_cols"
"igraph_sparsemat_add_rows","https://igraph.org/c/html/latest/igraph-Data-structures.html#igraph_sparsemat_add_rows"
"igraph_sparsemat_arpack_rnsolve","https://igraph.org/c/html/latest/igraph-Data-structures.html#igraph_sparsemat_arpack_rnsolve"
"igraph_sparsemat_arpack_rssolve","https://igraph.org/c/html/latest/igraph-Data-structures.html#igraph_sparsemat_arpack_rssolve"
"igraph_sparsemat_as_matrix","https://igraph.org/c/html/latest/igraph-Data-structures.html#igraph_sparsemat_as_matrix"
"igraph_sparsemat_cholsol","https://igraph.org/c/html/latest/igraph-Data-structures.html#igraph_sparsemat_cholsol"
"igraph_sparsemat_colsums","https://igraph.org/c/html/latest/igraph-Data-structures.html#igraph_sparsemat_colsums"
"igraph_sparsemat_compress","https://igraph.org/c/html/latest/igraph-Data-structures.html#igraph_sparsemat_compress"
"igraph_sparsemat_count_nonzero","https://igraph.org/c/html/latest/igraph-Data-structures.html#igraph_sparsemat_count_nonzero"
"igraph_sparsemat_count_nonzerotol","https://igraph.org/c/html/latest/igraph-Data-structures.html#igraph_sparsemat_count_nonzerotol"
"igraph_sparsemat_destroy","https://igraph.org/c/html/latest/igraph-Data-structures.html#igraph_sparsemat_destroy"
"igraph_sparsemat_droptol","https://igraph.org/c/html/latest/igraph-Data-structures.html#igraph_sparsemat_droptol"
"igraph_sparsemat_dropzeros","https://igraph.org/c/html/latest/igraph-Data-structures.html#igraph_sparsemat_dropzeros"
"igraph_sparsemat_dupl","https://igraph.org/c/html/latest/igraph-Data-structures.html#igraph_sparsemat_dupl"
"igraph_sparsemat_entry","https://igraph.org/c/html/latest/igraph-Data-structures.html#igraph_sparsemat_entry"
"igraph_sparsemat_fkeep","https://igraph.org/c/html/latest/igraph-Data-structures.html#igraph_sparsemat_fkeep"
"igraph_sparsemat_gaxpy","https://igraph.org/c/html/latest/igraph-Data-structures.html#igraph_sparsemat_gaxpy"
"igraph_sparsemat_get","https://igraph.org/c/html/latest/igraph-Data-structures.html#igraph_sparsemat_get"
"igraph_sparsemat_getelements","https://igraph.org/c/html/latest/igraph-Data-structures.html#igraph_sparsemat_getelements"
"igraph_sparsemat_getelements_sorted","https://igraph.org/c/html/latest/igraph-Data-structures.html#igraph_sparsemat_getelements_sorted"
"igraph_sparsemat_index","https://igraph.org/c/html/latest/igraph-Data-structures.html#igraph_sparsemat_index"
"igraph_sparsemat_init","https://igraph.org/c/html/latest/igraph-Data-structures.html#igraph_sparsemat_init"
"igraph_sparsemat_init_copy","https://igraph.org/c/html/latest/igraph-Data-structures.html#igraph_sparsemat_init_copy"
"igraph_sparsemat_init_diag","https://igraph.org/c/html/latest/igraph-Data-structures.html#igraph_sparsemat_init_diag"
"igraph_sparsemat_init_eye","https://igraph.org/c/html/latest/igraph-Data-structures.html#igraph_sparsemat_init_eye"
"igraph_sparsemat_is_cc","https://igraph.org/c/html/latest/igraph-Data-structures.html#igraph_sparsemat_is_cc"
"igraph_sparsemat_is_symmetric","https://igraph.org/c/html/latest/igraph-Data-structures.html#igraph_sparsemat_is_symmetric"
"igraph_sparsemat_is_triplet","https://igraph.org/c/html/latest/igraph-Data-structures.html#igraph_sparsemat_is_triplet"
"igraph_sparsemat_iterator_col","https://igraph.org/c/html/latest/igraph-Data-structures.html#igraph_sparsemat_iterator_col"
"igraph_sparsemat_iterator_end","https://igraph.org/c/html/latest/igraph-Data-structures.html#igraph_sparsemat_iterator_end"
"igraph_sparsemat_iterator_get","https://igraph.org/c/html/latest/igraph-Data-structures.html#igraph_sparsemat_iterator_get"
"igraph_sparsemat_iterator_idx","https://igraph.org/c/html/latest/igraph-Data-structures.html#igraph_sparsemat_iterator_idx"
"igraph_sparsemat_iterator_init","https://igraph.org/c/html/latest/igraph-Data-structures.html#igraph_sparsemat_iterator_init"
"igraph_sparsemat_iterator_next","https://igraph.org/c/html/latest/igraph-Data-structures.html#igraph_sparsemat_iterator_next"
"igraph_sparsemat_iterator_reset","https://igraph.org/c/html/latest/igraph-Data-structures.html#igraph_sparsemat_iterator_reset"
"igraph_sparsemat_iterator_row","https://igraph.org/c/html/latest/igraph-Data-structures.html#igraph_sparsemat_iterator_row"
"igraph_sparsemat_lsolve","https://igraph.org/c/html/latest/igraph-Data-structures.html#igraph_sparsemat_lsolve"
"igraph_sparsemat_ltsolve","https://igraph.org/c/html/latest/igraph-Data-structures.html#igraph_sparsemat_ltsolve"
"igraph_sparsemat_lu","https://igraph.org/c/html/latest/igraph-Data-structures.html#igraph_sparsemat_lu"
"igraph_sparsemat_luresol","https://igraph.org/c/html/latest/igraph-Data-structures.html#igraph_sparsemat_luresol"
"igraph_sparsemat_lusol","https://igraph.org/c/html/latest/igraph-Data-structures.html#igraph_sparsemat_lusol"
"igraph_sparsemat_max","https://igraph.org/c/html/latest/igraph-Data-structures.html#igraph_sparsemat_max"
"igraph_sparsemat_min","https://igraph.org/c/html/latest/igraph-Data-structures.html#igraph_sparsemat_min"
"igraph_sparsemat_minmax","https://igraph.org/c/html/latest/igraph-Data-structures.html#igraph_sparsemat_minmax"
"igraph_sparsemat_multiply","https://igraph.org/c/html/latest/igraph-Data-structures.html#igraph_sparsemat_multiply"
"igraph_sparsemat_ncol","https://igraph.org/c/html/latest/igraph-Data-structures.html#igraph_sparsemat_ncol"
"igraph_sparsemat_nonzero_storage","https://igraph.org/c/html/latest/igraph-Data-structures.html#igraph_sparsemat_nonzero_storage"
"igraph_sparsemat_nrow","https://igraph.org/c/html/latest/igraph-Data-structures.html#igraph_sparsemat_nrow"
"igraph_sparsemat_numeric_destroy","https://igraph.org/c/html/latest/igraph-Data-structures.html#igraph_sparsemat_numeric_destroy"
"igraph_sparsemat_permute","https://igraph.org/c/html/latest/igraph-Data-structures.html#igraph_sparsemat_permute"
"igraph_sparsemat_print","https://igraph.org/c/html/latest/igraph-Data-structures.html#igraph_sparsemat_print"
"igraph_sparsemat_qr","https://igraph.org/c/html/latest/igraph-Data-structures.html#igraph_sparsemat_qr"
"igraph_sparsemat_qrresol","https://igraph.org/c/html/latest/igraph-Data-structures.html#igraph_sparsemat_qrresol"
"igraph_sparsemat_realloc","https://igraph.org/c/html/latest/igraph-Data-structures.html#igraph_sparsemat_realloc"
"igraph_sparsemat_resize","https://igraph.org/c/html/latest/igraph-Data-structures.html#igraph_sparsemat_resize"
"igraph_sparsemat_rowsums","https://igraph.org/c/html/latest/igraph-Data-structures.html#igraph_sparsemat_rowsums"
"igraph_sparsemat_scale","https://igraph.org/c/html/latest/igraph-Data-structures.html#igraph_sparsemat_scale"
"igraph_sparsemat_sort","https://igraph.org/c/html/latest/igraph-Data-structures.html#igraph_sparsemat_sort"
"igraph_sparsemat_symblu","https://igraph.org/c/html/latest/igraph-Data-structures.html#igraph_sparsemat_symblu"
"igraph_sparsemat_symbolic_destroy","https://igraph.org/c/html/latest/igraph-Data-structures.html#igraph_sparsemat_symbolic_destroy"
"igraph_sparsemat_symbqr","https://igraph.org/c/html/latest/igraph-Data-structures.html#igraph_sparsemat_symbqr"
"igraph_sparsemat_transpose","https://igraph.org/c/html/latest/igraph-Data-structures.html#igraph_sparsemat_transpose"
"igraph_sparsemat_type","https://igraph.org/c/html/latest/igraph-Data-structures.html#igraph_sparsemat_type"
"igraph_sparsemat_usolve","https://igraph.org/c/html/latest/igraph-Data-structures.html#igraph_sparsemat_usolve"
"igraph_sparsemat_utsolve","https://igraph.org/c/html/latest/igraph-Data-structures.html#igraph_sparsemat_utsolve"
"igraph_sparse_adjacency","https://igraph.org/c/html/latest/igraph-Generators.html#igraph_sparse_adjacency"
"igraph_sparse_weighted_adjacency","https://igraph.org/c/html/latest/igraph-Generators.html#igraph_sparse_weighted_adjacency"
"igraph_spatial_edge_lengths","https://igraph.org/c/html/latest/igraph-Spatial.html#igraph_spatial_edge_lengths"
"igraph_split_join_distance","https://igraph.org/c/html/latest/igraph-Community.html#igraph_split_join_distance"
"igraph_square_lattice","https://igraph.org/c/html/latest/igraph-Generators.html#igraph_square_lattice"
"igraph_stack_clear","https://igraph.org/c/html/latest/igraph-Data-structures.html#igraph_stack_clear"
"igraph_stack_destroy","https://igraph.org/c/html/latest/igraph-Data-structures.html#igraph_stack_destroy"
"igraph_stack_empty","https://igraph.org/c/html/latest/igraph-Data-structures.html#igraph_stack_empty"
"igraph_stack_init","https://igraph.org/c/html/latest/igraph-Data-structures.html#igraph_stack_init"
"igraph_stack_pop","https://igraph.org/c/html/latest/igraph-Data-structures.html#igraph_stack_pop"
"igraph_stack_push","https://igraph.org/c/html/latest/igraph-Data-structures.html#igraph_stack_push"
"igraph_stack_reserve","https://igraph.org/c/html/latest/igraph-Data-structures.html#igraph_stack_reserve"
"igraph_stack_size","https://igraph.org/c/html/latest/igraph-Data-structures.html#igraph_stack_size"
"igraph_stack_top","https://igraph.org/c/html/latest/igraph-Data-structures.html#igraph_stack_top"
"igraph_star","https://igraph.org/c/html/latest/igraph-Generators.html#igraph_star"
"igraph_static_fitness_game","https://igraph.org/c/html/latest/igraph-Games.html#igraph_static_fitness_game"
"igraph_static_power_law_game","https://igraph.org/c/html/latest/igraph-Games.html#igraph_static_power_law_game"
"IGRAPH_STATUS","https://igraph.org/c/html/latest/igraph-Advanced.html#IGRAPH_STATUS"
"igraph_status","https://igraph.org/c/html/latest/igraph-Advanced.html#igraph_status"
"IGRAPH_STATUSF","https://igraph.org/c/html/latest/igraph-Advanced.html#IGRAPH_STATUSF"
"igraph_statusf","https://igraph.org/c/html/latest/igraph-Advanced.html#igraph_statusf"
"igraph_status_handler_stderr","https://igraph.org/c/html/latest/igraph-Advanced.html#igraph_status_handler_stderr"
"igraph_status_handler_t","https://igraph.org/c/html/latest/igraph-Advanced.html#igraph_status_handler_t"
"STR","https://igraph.org/c/html/latest/igraph-Data-structures.html#STR"
"igraph_strength","https://igraph.org/c/html/latest/igraph-Structural.html#igraph_strength"
"igraph_strerror","https://igraph.org/c/html/latest/igraph-Error.html#igraph_strerror"
"igraph_strvector_append","https://igraph.org/c/html/latest/igraph-Data-structures.html#igraph_strvector_append"
"igraph_strvector_capacity","https://igraph.org/c/html/latest/igraph-Data-structures.html#igraph_strvector_capacity"
"igraph_strvector_clear","https://igraph.org/c/html/latest/igraph-Data-structures.html#igraph_strvector_clear"
"igraph_strvector_destroy","https://igraph.org/c/html/latest/igraph-Data-structures.html#igraph_strvector_destroy"
"igraph_strvector_get","https://igraph.org/c/html/latest/igraph-Data-structures.html#igraph_strvector_get"
"igraph_strvector_init","https://igraph.org/c/html/latest/igraph-Data-structures.html#igraph_strvector_init"
"igraph_strvector_init_copy","https://igraph.org/c/html/latest/igraph-Data-structures.html#igraph_strvector_init_copy"
"igraph_strvector_merge","https://igraph.org/c/html/latest/igraph-Data-structures.html#igraph_strvector_merge"
"igraph_strvector_push_back","https://igraph.org/c/html/latest/igraph-Data-structures.html#igraph_strvector_push_back"
"igraph_strvector_push_back_len","https://igraph.org/c/html/latest/igraph-Data-structures.html#igraph_strvector_push_back_len"
"igraph_strvector_remove","https://igraph.org/c/html/latest/igraph-Data-structures.html#igraph_strvector_remove"
"igraph_strvector_remove_section","https://igraph.org/c/html/latest/igraph-Data-structures.html#igraph_strvector_remove_section"
"igraph_strvector_reserve","https://igraph.org/c/html/latest/igraph-Data-structures.html#igraph_strvector_reserve"
"igraph_strvector_resize","https://igraph.org/c/html/latest/igraph-Data-structures.html#igraph_strvector_resize"
"igraph_strvector_resize_min","https://igraph.org/c/html/latest/igraph-Data-structures.html#igraph_strvector_resize_min"
"igraph_strvector_set","https://igraph.org/c/html/latest/igraph-Data-structures.html#igraph_strvector_set"
"igraph_strvector_set_len","https://igraph.org/c/html/latest/igraph-Data-structures.html#igraph_strvector_set_len"
"igraph_strvector_size","https://igraph.org/c/html/latest/igraph-Data-structures.html#igraph_strvector_size"
"igraph_strvector_swap","https://igraph.org/c/html/latest/igraph-Data-structures.html#igraph_strvector_swap"
"igraph_strvector_swap_elements","https://igraph.org/c/html/latest/igraph-Data-structures.html#igraph_strvector_swap_elements"
"igraph_strvector_update","https://igraph.org/c/html/latest/igraph-Data-structures.html#igraph_strvector_update"
"igraph_st_edge_connectivity","https://igraph.org/c/html/latest/igraph-Flows.html#igraph_st_edge_connectivity"
"igraph_st_mincut","https://igraph.org/c/html/latest/igraph-Flows.html#igraph_st_mincut"
"igraph_st_mincut_value","https://igraph.org/c/html/latest/igraph-Flows.html#igraph_st_mincut_value"
"igraph_st_vertex_connectivity","https://igraph.org/c/html/latest/igraph-Flows.html#igraph_st_vertex_connectivity"
"igraph_subcomponent","https://igraph.org/c/html/latest/igraph-Structural.html#igraph_subcomponent"
"igraph_subgraph_from_edges","https://igraph.org/c/html/latest/igraph-Operators.html#igraph_subgraph_from_edges"
"igraph_subisomorphic","https://igraph.org/c/html/latest/igraph-Isomorphism.html#igraph_subisomorphic"
"igraph_subisomorphic_lad","https://igraph.org/c/html/latest/igraph-Isomorphism.html#igraph_subisomorphic_lad"
"igraph_subisomorphic_vf2","https://igraph.org/c/html/latest/igraph-Isomorphism.html#igraph_subisomorphic_vf2"
"igraph_symmetric_tree","https://igraph.org/c/html/latest/igraph-Generators.html#igraph_symmetric_tree"
"IGRAPH_THREAD_SAFE","https://igraph.org/c/html/latest/igraph-Advanced.html#IGRAPH_THREAD_SAFE"
"IGRAPH_TO","https://igraph.org/c/html/latest/igraph-Basic.html#IGRAPH_TO"
"igraph_topological_sorting","https://igraph.org/c/html/latest/igraph-Cycles.html#igraph_topological_sorting"
"igraph_to_directed","https://igraph.org/c/html/latest/igraph-Structural.html#igraph_to_directed"
"igraph_to_prufer","https://igraph.org/c/html/latest/igraph-Structural.html#igraph_to_prufer"
"igraph_to_undirected","https://igraph.org/c/html/latest/igraph-Structural.html#igraph_to_undirected"
"igraph_transitive_closure","https://igraph.org/c/html/latest/igraph-Structural.html#igraph_transitive_closure"
"igraph_transitivity_avglocal_undirected","https://igraph.org/c/html/latest/igraph-Structural.html#igraph_transitivity_avglocal_undirected"
"igraph_transitivity_barrat","https://igraph.org/c/html/latest/igraph-Structural.html#igraph_transitivity_barrat"
"igraph_transitivity_local_undirected","https://igraph.org/c/html/latest/igraph-Structural.html#igraph_transitivity_local_undirected"
"igraph_transitivity_undirected","https://igraph.org/c/html/latest/igraph-Structural.html#igraph_transitivity_undirected"
"igraph_tree_from_parent_vector","https://igraph.org/c/html/latest/igraph-Generators.html#igraph_tree_from_parent_vector"
"igraph_tree_game","https://igraph.org/c/html/latest/igraph-Games.html#igraph_tree_game"
"igraph_triad_census","https://igraph.org/c/html/latest/igraph-Motifs.html#igraph_triad_census"
"igraph_triangular_lattice","https://igraph.org/c/html/latest/igraph-Generators.html#igraph_triangular_lattice"
"igraph_trussness","https://igraph.org/c/html/latest/igraph-Structural.html#igraph_trussness"
"igraph_turan","https://igraph.org/c/html/latest/igraph-Generators.html#igraph_turan"
"igraph_unfold_tree","https://igraph.org/c/html/latest/igraph-Structural.html#igraph_unfold_tree"
"igraph_union","https://igraph.org/c/html/latest/igraph-Operators.html#igraph_union"
"igraph_union_many","https://igraph.org/c/html/latest/igraph-Operators.html#igraph_union_many"
"IGRAPH_UNLIMITED","https://igraph.org/c/html/latest/igraph-Basic.html#IGRAPH_UNLIMITED"
"VAB","https://igraph.org/c/html/latest/igraph-Attributes.html#VAB"
"VABV","https://igraph.org/c/html/latest/igraph-Attributes.html#VABV"
"VAN","https://igraph.org/c/html/latest/igraph-Attributes.html#VAN"
"VANV","https://igraph.org/c/html/latest/igraph-Attributes.html#VANV"
"VAS","https://igraph.org/c/html/latest/igraph-Attributes.html#VAS"
"VASV","https://igraph.org/c/html/latest/igraph-Attributes.html#VASV"
"igraph_vcount","https://igraph.org/c/html/latest/igraph-Basic.html#igraph_vcount"
"IGRAPH_VCOUNT_MAX","https://igraph.org/c/html/latest/igraph-Basic.html#IGRAPH_VCOUNT_MAX"
"VECTOR","https://igraph.org/c/html/latest/igraph-Data-structures.html#VECTOR"
"igraph_vector_add","https://igraph.org/c/html/latest/igraph-Data-structures.html#igraph_vector_add"
"igraph_vector_add_constant","https://igraph.org/c/html/latest/igraph-Data-structures.html#igraph_vector_add_constant"
"igraph_vector_all_almost_e","https://igraph.org/c/html/latest/igraph-Data-structures.html#igraph_vector_all_almost_e"
"igraph_vector_all_e","https://igraph.org/c/html/latest/igraph-Data-structures.html#igraph_vector_all_e"
"igraph_vector_all_g","https://igraph.org/c/html/latest/igraph-Data-structures.html#igraph_vector_all_g"
"igraph_vector_all_ge","https://igraph.org/c/html/latest/igraph-Data-structures.html#igraph_vector_all_ge"
"igraph_vector_all_l","https://igraph.org/c/html/latest/igraph-Data-structures.html#igraph_vector_all_l"
"igraph_vector_all_le","https://igraph.org/c/html/latest/igraph-Data-structures.html#igraph_vector_all_le"
"igraph_vector_append","https://igraph.org/c/html/latest/igraph-Data-structures.html#igraph_vector_append"
"igraph_vector_binsearch","https://igraph.org/c/html/latest/igraph-Data-structures.html#igraph_vector_binsearch"
"igraph_vector_binsearch_slice","https://igraph.org/c/html/latest/igraph-Data-structures.html#igraph_vector_binsearch_slice"
"igraph_vector_capacity","https://igraph.org/c/html/latest/igraph-Data-structures.html#igraph_vector_capacity"
"igraph_vector_clear","https://igraph.org/c/html/latest/igraph-Data-structures.html#igraph_vector_clear"
"igraph_vector_colex_cmp","https://igraph.org/c/html/latest/igraph-Data-structures.html#igraph_vector_colex_cmp"
"igraph_vector_colex_cmp_untyped","https://igraph.org/c/html/latest/igraph-Data-structures.html#igraph_vector_colex_cmp_untyped"
"igraph_vector_complex_all_almost_e","https://igraph.org/c/html/latest/igraph-Data-structures.html#igraph_vector_complex_all_almost_e"
"igraph_vector_complex_create","https://igraph.org/c/html/latest/igraph-Data-structures.html#igraph_vector_complex_create"
"igraph_vector_complex_create_polar","https://igraph.org/c/html/latest/igraph-Data-structures.html#igraph_vector_complex_create_polar"
"igraph_vector_complex_imag","https://igraph.org/c/html/latest/igraph-Data-structures.html#igraph_vector_complex_imag"
"igraph_vector_complex_real","https://igraph.org/c/html/latest/igraph-Data-structures.html#igraph_vector_complex_real"
"igraph_vector_complex_realimag","https://igraph.org/c/html/latest/igraph-Data-structures.html#igraph_vector_complex_realimag"
"igraph_vector_complex_zapsmall","https://igraph.org/c/html/latest/igraph-Data-structures.html#igraph_vector_complex_zapsmall"
"igraph_vector_contains","https://igraph.org/c/html/latest/igraph-Data-structures.html#igraph_vector_contains"
"igraph_vector_contains_sorted","https://igraph.org/c/html/latest/igraph-Data-structures.html#igraph_vector_contains_sorted"
"igraph_vector_copy_to","https://igraph.org/c/html/latest/igraph-Data-structures.html#igraph_vector_copy_to"
"igraph_vector_destroy","https://igraph.org/c/html/latest/igraph-Data-structures.html#igraph_vector_destroy"
"igraph_vector_difference_and_intersection_sorted","https://igraph.org/c/html/latest/igraph-Data-structures.html#igraph_vector_difference_and_intersection_sorted"
"igraph_vector_difference_sorted","https://igraph.org/c/html/latest/igraph-Data-structures.html#igraph_vector_difference_sorted"
"igraph_vector_div","https://igraph.org/c/html/latest/igraph-Data-structures.html#igraph_vector_div"
"igraph_vector_empty","https://igraph.org/c/html/latest/igraph-Data-structures.html#igraph_vector_empty"
"igraph_vector_fill","https://igraph.org/c/html/latest/igraph-Data-structures.html#igraph_vector_fill"
"igraph_vector_floor","https://igraph.org/c/html/latest/igraph-Data-structures.html#igraph_vector_floor"
"igraph_vector_get","https://igraph.org/c/html/latest/igraph-Data-structures.html#igraph_vector_get"
"igraph_vector_get_ptr","https://igraph.org/c/html/latest/igraph-Data-structures.html#igraph_vector_get_ptr"
"igraph_vector_index","https://igraph.org/c/html/latest/igraph-Data-structures.html#igraph_vector_index"
"igraph_vector_index_in_place","https://igraph.org/c/html/latest/igraph-Data-structures.html#igraph_vector_index_in_place"
"igraph_vector_init","https://igraph.org/c/html/latest/igraph-Data-structures.html#igraph_vector_init"
"igraph_vector_init_array","https://igraph.org/c/html/latest/igraph-Data-structures.html#igraph_vector_init_array"
"igraph_vector_init_copy","https://igraph.org/c/html/latest/igraph-Data-structures.html#igraph_vector_init_copy"
"igraph_vector_init_range","https://igraph.org/c/html/latest/igraph-Data-structures.html#igraph_vector_init_range"
"igraph_vector_insert","https://igraph.org/c/html/latest/igraph-Data-structures.html#igraph_vector_insert"
"igraph_vector_intersection_size_sorted","https://igraph.org/c/html/latest/igraph-Data-structures.html#igraph_vector_intersection_size_sorted"
"igraph_vector_intersect_sorted","https://igraph.org/c/html/latest/igraph-Data-structures.html#igraph_vector_intersect_sorted"
"igraph_vector_isininterval","https://igraph.org/c/html/latest/igraph-Data-structures.html#igraph_vector_isininterval"
"igraph_vector_is_all_finite","https://igraph.org/c/html/latest/igraph-Data-structures.html#igraph_vector_is_all_finite"
"igraph_vector_is_any_nan","https://igraph.org/c/html/latest/igraph-Data-structures.html#igraph_vector_is_any_nan"
"igraph_vector_is_equal","https://igraph.org/c/html/latest/igraph-Data-structures.html#igraph_vector_is_equal"
"igraph_vector_is_nan","https://igraph.org/c/html/latest/igraph-Data-structures.html#igraph_vector_is_nan"
"igraph_vector_lex_cmp","https://igraph.org/c/html/latest/igraph-Data-structures.html#igraph_vector_lex_cmp"
"igraph_vector_lex_cmp_untyped","https://igraph.org/c/html/latest/igraph-Data-structures.html#igraph_vector_lex_cmp_untyped"
"igraph_vector_list_capacity","https://igraph.org/c/html/latest/igraph-Data-structures.html#igraph_vector_list_capacity"
"igraph_vector_list_clear","https://igraph.org/c/html/latest/igraph-Data-structures.html#igraph_vector_list_clear"
"igraph_vector_list_destroy","https://igraph.org/c/html/latest/igraph-Data-structures.html#igraph_vector_list_destroy"
"igraph_vector_list_discard","https://igraph.org/c/html/latest/igraph-Data-structures.html#igraph_vector_list_discard"
"igraph_vector_list_discard_back","https://igraph.org/c/html/latest/igraph-Data-structures.html#igraph_vector_list_discard_back"
"igraph_vector_list_discard_fast","https://igraph.org/c/html/latest/igraph-Data-structures.html#igraph_vector_list_discard_fast"
"igraph_vector_list_empty","https://igraph.org/c/html/latest/igraph-Data-structures.html#igraph_vector_list_empty"
"igraph_vector_list_get_ptr","https://igraph.org/c/html/latest/igraph-Data-structures.html#igraph_vector_list_get_ptr"
"igraph_vector_list_init","https://igraph.org/c/html/latest/igraph-Data-structures.html#igraph_vector_list_init"
"igraph_vector_list_init_copy","https://igraph.org/c/html/latest/igraph-Data-structures.html#igraph_vector_list_init_copy"
"igraph_vector_list_insert","https://igraph.org/c/html/latest/igraph-Data-structures.html#igraph_vector_list_insert"
"igraph_vector_list_insert_copy","https://igraph.org/c/html/latest/igraph-Data-structures.html#igraph_vector_list_insert_copy"
"igraph_vector_list_insert_new","https://igraph.org/c/html/latest/igraph-Data-structures.html#igraph_vector_list_insert_new"
"igraph_vector_list_permute","https://igraph.org/c/html/latest/igraph-Data-structures.html#igraph_vector_list_permute"
"igraph_vector_list_pop_back","https://igraph.org/c/html/latest/igraph-Data-structures.html#igraph_vector_list_pop_back"
"igraph_vector_list_push_back","https://igraph.org/c/html/latest/igraph-Data-structures.html#igraph_vector_list_push_back"
"igraph_vector_list_push_back_copy","https://igraph.org/c/html/latest/igraph-Data-structures.html#igraph_vector_list_push_back_copy"
"igraph_vector_list_push_back_new","https://igraph.org/c/html/latest/igraph-Data-structures.html#igraph_vector_list_push_back_new"
"igraph_vector_list_remove","https://igraph.org/c/html/latest/igraph-Data-structures.html#igraph_vector_list_remove"
"igraph_vector_list_remove_fast","https://igraph.org/c/html/latest/igraph-Data-structures.html#igraph_vector_list_remove_fast"
"igraph_vector_list_replace","https://igraph.org/c/html/latest/igraph-Data-structures.html#igraph_vector_list_replace"
"igraph_vector_list_reserve","https://igraph.org/c/html/latest/igraph-Data-structures.html#igraph_vector_list_reserve"
"igraph_vector_list_resize","https://igraph.org/c/html/latest/igraph-Data-structures.html#igraph_vector_list_resize"
"igraph_vector_list_set","https://igraph.org/c/html/latest/igraph-Data-structures.html#igraph_vector_list_set"
"igraph_vector_list_size","https://igraph.org/c/html/latest/igraph-Data-structures.html#igraph_vector_list_size"
"igraph_vector_list_sort","https://igraph.org/c/html/latest/igraph-Data-structures.html#igraph_vector_list_sort"
"igraph_vector_list_sort_ind","https://igraph.org/c/html/latest/igraph-Data-structures.html#igraph_vector_list_sort_ind"
"igraph_vector_list_swap","https://igraph.org/c/html/latest/igraph-Data-structures.html#igraph_vector_list_swap"
"igraph_vector_list_swap_elements","https://igraph.org/c/html/latest/igraph-Data-structures.html#igraph_vector_list_swap_elements"
"igraph_vector_list_tail_ptr","https://igraph.org/c/html/latest/igraph-Data-structures.html#igraph_vector_list_tail_ptr"
"igraph_vector_max","https://igraph.org/c/html/latest/igraph-Data-structures.html#igraph_vector_max"
"igraph_vector_maxdifference","https://igraph.org/c/html/latest/igraph-Data-structures.html#igraph_vector_maxdifference"
"igraph_vector_min","https://igraph.org/c/html/latest/igraph-Data-structures.html#igraph_vector_min"
"igraph_vector_minmax","https://igraph.org/c/html/latest/igraph-Data-structures.html#igraph_vector_minmax"
"igraph_vector_mul","https://igraph.org/c/html/latest/igraph-Data-structures.html#igraph_vector_mul"
"igraph_vector_null","https://igraph.org/c/html/latest/igraph-Data-structures.html#igraph_vector_null"
"igraph_vector_permute","https://igraph.org/c/html/latest/igraph-Data-structures.html#igraph_vector_permute"
"igraph_vector_pop_back","https://igraph.org/c/html/latest/igraph-Data-structures.html#igraph_vector_pop_back"
"igraph_vector_prod","https://igraph.org/c/html/latest/igraph-Data-structures.html#igraph_vector_prod"
"igraph_vector_ptr_capacity","https://igraph.org/c/html/latest/igraph-Data-structures.html#igraph_vector_ptr_capacity"
"igraph_vector_ptr_clear","https://igraph.org/c/html/latest/igraph-Data-structures.html#igraph_vector_ptr_clear"
"igraph_vector_ptr_destroy","https://igraph.org/c/html/latest/igraph-Data-structures.html#igraph_vector_ptr_destroy"
"igraph_vector_ptr_destroy_all","https://igraph.org/c/html/latest/igraph-Data-structures.html#igraph_vector_ptr_destroy_all"
"igraph_vector_ptr_free_all","https://igraph.org/c/html/latest/igraph-Data-structures.html#igraph_vector_ptr_free_all"
"igraph_vector_ptr_get","https://igraph.org/c/html/latest/igraph-Data-structures.html#igraph_vector_ptr_get"
"igraph_vector_ptr_get_item_destructor","https://igraph.org/c/html/latest/igraph-Data-structures.html#igraph_vector_ptr_get_item_destructor"
"igraph_vector_ptr_init","https://igraph.org/c/html/latest/igraph-Data-structures.html#igraph_vector_ptr_init"
"igraph_vector_ptr_init_copy","https://igraph.org/c/html/latest/igraph-Data-structures.html#igraph_vector_ptr_init_copy"
"igraph_vector_ptr_insert","https://igraph.org/c/html/latest/igraph-Data-structures.html#igraph_vector_ptr_insert"
"igraph_vector_ptr_permute","https://igraph.org/c/html/latest/igraph-Data-structures.html#igraph_vector_ptr_permute"
"igraph_vector_ptr_pop_back","https://igraph.org/c/html/latest/igraph-Data-structures.html#igraph_vector_ptr_pop_back"
"igraph_vector_ptr_push_back","https://igraph.org/c/html/latest/igraph-Data-structures.html#igraph_vector_ptr_push_back"
"igraph_vector_ptr_reserve","https://igraph.org/c/html/latest/igraph-Data-structures.html#igraph_vector_ptr_reserve"
"igraph_vector_ptr_resize","https://igraph.org/c/html/latest/igraph-Data-structures.html#igraph_vector_ptr_resize"
"igraph_vector_ptr_resize_min","https://igraph.org/c/html/latest/igraph-Data-structures.html#igraph_vector_ptr_resize_min"
"igraph_vector_ptr_set","https://igraph.org/c/html/latest/igraph-Data-structures.html#igraph_vector_ptr_set"
"igraph_vector_ptr_set_item_destructor","https://igraph.org/c/html/latest/igraph-Data-structures.html#igraph_vector_ptr_set_item_destructor"
"IGRAPH_VECTOR_PTR_SET_ITEM_DESTRUCTOR","https://igraph.org/c/html/latest/igraph-Data-structures.html#IGRAPH_VECTOR_PTR_SET_ITEM_DESTRUCTOR"
"igraph_vector_ptr_size","https://igraph.org/c/html/latest/igraph-Data-structures.html#igraph_vector_ptr_size"
"igraph_vector_ptr_sort","https://igraph.org/c/html/latest/igraph-Data-structures.html#igraph_vector_ptr_sort"
"igraph_vector_ptr_sort_ind","https://igraph.org/c/html/latest/igraph-Data-structures.html#igraph_vector_ptr_sort_ind"
"igraph_vector_push_back","https://igraph.org/c/html/latest/igraph-Data-structures.html#igraph_vector_push_back"
"igraph_vector_range","https://igraph.org/c/html/latest/igraph-Data-structures.html#igraph_vector_range"
"igraph_vector_remove","https://igraph.org/c/html/latest/igraph-Data-structures.html#igraph_vector_remove"
"igraph_vector_remove_section","https://igraph.org/c/html/latest/igraph-Data-structures.html#igraph_vector_remove_section"
"igraph_vector_reserve","https://igraph.org/c/html/latest/igraph-Data-structures.html#igraph_vector_reserve"
"igraph_vector_resize","https://igraph.org/c/html/latest/igraph-Data-structures.html#igraph_vector_resize"
"igraph_vector_resize_min","https://igraph.org/c/html/latest/igraph-Data-structures.html#igraph_vector_resize_min"
"igraph_vector_reverse","https://igraph.org/c/html/latest/igraph-Data-structures.html#igraph_vector_reverse"
"igraph_vector_reverse_section","https://igraph.org/c/html/latest/igraph-Data-structures.html#igraph_vector_reverse_section"
"igraph_vector_reverse_sort","https://igraph.org/c/html/latest/igraph-Data-structures.html#igraph_vector_reverse_sort"
"igraph_vector_rotate_left","https://igraph.org/c/html/latest/igraph-Data-structures.html#igraph_vector_rotate_left"
"igraph_vector_scale","https://igraph.org/c/html/latest/igraph-Data-structures.html#igraph_vector_scale"
"igraph_vector_search","https://igraph.org/c/html/latest/igraph-Data-structures.html#igraph_vector_search"
"igraph_vector_set","https://igraph.org/c/html/latest/igraph-Data-structures.html#igraph_vector_set"
"igraph_vector_shuffle","https://igraph.org/c/html/latest/igraph-Data-structures.html#igraph_vector_shuffle"
"igraph_vector_size","https://igraph.org/c/html/latest/igraph-Data-structures.html#igraph_vector_size"
"igraph_vector_sort","https://igraph.org/c/html/latest/igraph-Data-structures.html#igraph_vector_sort"
"igraph_vector_sort_ind","https://igraph.org/c/html/latest/igraph-Data-structures.html#igraph_vector_sort_ind"
"igraph_vector_sub","https://igraph.org/c/html/latest/igraph-Data-structures.html#igraph_vector_sub"
"igraph_vector_sum","https://igraph.org/c/html/latest/igraph-Data-structures.html#igraph_vector_sum"
"igraph_vector_swap","https://igraph.org/c/html/latest/igraph-Data-structures.html#igraph_vector_swap"
"igraph_vector_swap_elements","https://igraph.org/c/html/latest/igraph-Data-structures.html#igraph_vector_swap_elements"
"igraph_vector_tail","https://igraph.org/c/html/latest/igraph-Data-structures.html#igraph_vector_tail"
"igraph_vector_update","https://igraph.org/c/html/latest/igraph-Data-structures.html#igraph_vector_update"
"igraph_vector_view","https://igraph.org/c/html/latest/igraph-Data-structures.html#igraph_vector_view"
"igraph_vector_which_max","https://igraph.org/c/html/latest/igraph-Data-structures.html#igraph_vector_which_max"
"igraph_vector_which_min","https://igraph.org/c/html/latest/igraph-Data-structures.html#igraph_vector_which_min"
"igraph_vector_which_minmax","https://igraph.org/c/html/latest/igraph-Data-structures.html#igraph_vector_which_minmax"
"igraph_vector_zapsmall","https://igraph.org/c/html/latest/igraph-Data-structures.html#igraph_vector_zapsmall"
"igraph_version","https://igraph.org/c/html/latest/igraph-Nongraph.html#igraph_version"
"igraph_vertex_coloring_greedy","https://igraph.org/c/html/latest/igraph-Coloring.html#igraph_vertex_coloring_greedy"
"igraph_vertex_connectivity","https://igraph.org/c/html/latest/igraph-Flows.html#igraph_vertex_connectivity"
"igraph_vertex_disjoint_paths","https://igraph.org/c/html/latest/igraph-Flows.html#igraph_vertex_disjoint_paths"
"igraph_vertex_path_from_edge_path","https://igraph.org/c/html/latest/igraph-Structural.html#igraph_vertex_path_from_edge_path"
"igraph_vit_create","https://igraph.org/c/html/latest/igraph-Iterators.html#igraph_vit_create"
"igraph_vit_destroy","https://igraph.org/c/html/latest/igraph-Iterators.html#igraph_vit_destroy"
"IGRAPH_VIT_END","https://igraph.org/c/html/latest/igraph-Iterators.html#IGRAPH_VIT_END"
"IGRAPH_VIT_GET","https://igraph.org/c/html/latest/igraph-Iterators.html#IGRAPH_VIT_GET"
"IGRAPH_VIT_NEXT","https://igraph.org/c/html/latest/igraph-Iterators.html#IGRAPH_VIT_NEXT"
"IGRAPH_VIT_RESET","https://igraph.org/c/html/latest/igraph-Iterators.html#IGRAPH_VIT_RESET"
"IGRAPH_VIT_SIZE","https://igraph.org/c/html/latest/igraph-Iterators.html#IGRAPH_VIT_SIZE"
"igraph_voronoi","https://igraph.org/c/html/latest/igraph-Structural.html#igraph_voronoi"
"igraph_vss_1","https://igraph.org/c/html/latest/igraph-Iterators.html#igraph_vss_1"
"igraph_vss_all","https://igraph.org/c/html/latest/igraph-Iterators.html#igraph_vss_all"
"igraph_vss_none","https://igraph.org/c/html/latest/igraph-Iterators.html#igraph_vss_none"
"igraph_vss_range","https://igraph.org/c/html/latest/igraph-Iterators.html#igraph_vss_range"
"igraph_vss_vector","https://igraph.org/c/html/latest/igraph-Iterators.html#igraph_vss_vector"
"igraph_vs_1","https://igraph.org/c/html/latest/igraph-Iterators.html#igraph_vs_1"
"igraph_vs_adj","https://igraph.org/c/html/latest/igraph-Iterators.html#igraph_vs_adj"
"igraph_vs_all","https://igraph.org/c/html/latest/igraph-Iterators.html#igraph_vs_all"
"igraph_vs_copy","https://igraph.org/c/html/latest/igraph-Iterators.html#igraph_vs_copy"
"igraph_vs_destroy","https://igraph.org/c/html/latest/igraph-Iterators.html#igraph_vs_destroy"
"igraph_vs_is_all","https://igraph.org/c/html/latest/igraph-Iterators.html#igraph_vs_is_all"
"igraph_vs_nonadj","https://igraph.org/c/html/latest/igraph-Iterators.html#igraph_vs_nonadj"
"igraph_vs_none","https://igraph.org/c/html/latest/igraph-Iterators.html#igraph_vs_none"
"igraph_vs_range","https://igraph.org/c/html/latest/igraph-Iterators.html#igraph_vs_range"
"igraph_vs_size","https://igraph.org/c/html/latest/igraph-Iterators.html#igraph_vs_size"
"igraph_vs_type","https://igraph.org/c/html/latest/igraph-Iterators.html#igraph_vs_type"
"igraph_vs_vector","https://igraph.org/c/html/latest/igraph-Iterators.html#igraph_vs_vector"
"igraph_vs_vector_copy","https://igraph.org/c/html/latest/igraph-Iterators.html#igraph_vs_vector_copy"
"igraph_vs_vector_small","https://igraph.org/c/html/latest/igraph-Iterators.html#igraph_vs_vector_small"
"IGRAPH_WARNING","https://igraph.org/c/html/latest/igraph-Error.html#IGRAPH_WARNING"
"igraph_warning","https://igraph.org/c/html/latest/igraph-Error.html#igraph_warning"
"IGRAPH_WARNINGF","https://igraph.org/c/html/latest/igraph-Error.html#IGRAPH_WARNINGF"
"igraph_warningf","https://igraph.org/c/html/latest/igraph-Error.html#igraph_warningf"
"igraph_warning_handler_ignore","https://igraph.org/c/html/latest/igraph-Error.html#igraph_warning_handler_ignore"
"igraph_warning_handler_print","https://igraph.org/c/html/latest/igraph-Error.html#igraph_warning_handler_print"
"igraph_warning_handler_t","https://igraph.org/c/html/latest/igraph-Error.html#igraph_warning_handler_t"
"igraph_watts_strogatz_game","https://igraph.org/c/html/latest/igraph-Games.html#igraph_watts_strogatz_game"
"igraph_weighted_adjacency","https://igraph.org/c/html/latest/igraph-Generators.html#igraph_weighted_adjacency"
"igraph_weighted_biadjacency","https://igraph.org/c/html/latest/igraph-Bipartite.html#igraph_weighted_biadjacency"
"igraph_weighted_cliques","https://igraph.org/c/html/latest/igraph-Cliques.html#igraph_weighted_cliques"
"igraph_weighted_clique_number","https://igraph.org/c/html/latest/igraph-Cliques.html#igraph_weighted_clique_number"
"igraph_wheel","https://igraph.org/c/html/latest/igraph-Generators.html#igraph_wheel"
"igraph_widest_path_widths_dijkstra","https://igraph.org/c/html/latest/igraph-Structural.html#igraph_widest_path_widths_dijkstra"
"igraph_widest_path_widths_floyd_warshall","https://igraph.org/c/html/latest/igraph-Structural.html#igraph_widest_path_widths_floyd_warshall"
"igraph_write_graph_dimacs_flow","https://igraph.org/c/html/latest/igraph-Foreign.html#igraph_write_graph_dimacs_flow"
"igraph_write_graph_dot","https://igraph.org/c/html/latest/igraph-Foreign.html#igraph_write_graph_dot"
"igraph_write_graph_edgelist","https://igraph.org/c/html/latest/igraph-Foreign.html#igraph_write_graph_edgelist"
"igraph_write_graph_gml","https://igraph.org/c/html/latest/igraph-Foreign.html#igraph_write_graph_gml"
"igraph_write_graph_graphml","https://igraph.org/c/html/latest/igraph-Foreign.html#igraph_write_graph_graphml"
"igraph_write_graph_leda","https://igraph.org/c/html/latest/igraph-Foreign.html#igraph_write_graph_leda"
"igraph_write_graph_lgl","https://igraph.org/c/html/latest/igraph-Foreign.html#igraph_write_graph_lgl"
"igraph_write_graph_ncol","https://igraph.org/c/html/latest/igraph-Foreign.html#igraph_write_graph_ncol"
"igraph_write_graph_pajek","https://igraph.org/c/html/latest/igraph-Foreign.html#igraph_write_graph_pajek"
